,5,50,95,date
0,101533.640625,101533.640625,101533.640625,2015-01-01
1,100282.078125,100282.078125,100282.078125,2015-02-01
2,102356.2734375,102356.2734375,102356.2734375,2015-03-01
3,101453.671875,101453.671875,101453.671875,2015-04-01
4,101233.0625,101233.0625,101233.0625,2015-05-01
5,101787.3671875,101787.3671875,101787.3671875,2015-06-01
6,101471.390625,101471.390625,101471.390625,2015-07-01
7,101761.734375,101761.734375,101761.734375,2015-08-01
8,102001.9375,102001.9375,102001.9375,2015-09-01
9,102648.6015625,102648.6015625,102648.6015625,2015-10-01
10,102101.953125,102101.953125,102101.953125,2015-11-01
11,101686.78125,101686.78125,101686.78125,2015-12-01
12,101787.28125,101787.28125,101787.28125,2016-01-01
13,102012.71875,102012.71875,102012.71875,2016-02-01
14,101640.078125,101640.078125,101640.078125,2016-03-01
15,101496.765625,101496.765625,101496.765625,2016-04-01
16,100932.9140625,100932.9140625,100932.9140625,2016-05-01
17,101895.9375,101895.9375,101895.9375,2016-06-01
18,101977.515625,101977.515625,101977.515625,2016-07-01
19,101837.390625,101837.390625,101837.390625,2016-08-01
20,101740.2421875,101740.2421875,101740.2421875,2016-09-01
21,101539.59375,101539.59375,101539.59375,2016-10-01
22,102131.046875,102131.046875,102131.046875,2016-11-01
23,102423.7109375,102423.7109375,102423.7109375,2016-12-01
24,101928.21875,101928.21875,101928.21875,2017-01-01
25,101016.34375,101016.34375,101016.34375,2017-02-01
26,101909.8125,101909.8125,101909.8125,2017-03-01
27,102158.296875,102158.296875,102158.296875,2017-04-01
28,101524.2265625,101524.2265625,101524.2265625,2017-05-01
29,101948.8125,101948.8125,101948.8125,2017-06-01
30,101619.0859375,101619.0859375,101619.0859375,2017-07-01
31,102141.5703125,102141.5703125,102141.5703125,2017-08-01
32,102024.5703125,102024.5703125,102024.5703125,2017-09-01
33,101986.46875,101986.46875,101986.46875,2017-10-01
34,100941.890625,100941.890625,100941.890625,2017-11-01
35,101139.5625,101139.5625,101139.5625,2017-12-01
36,101492.015625,101492.015625,101492.015625,2018-01-01
37,101922.1875,101922.1875,101922.1875,2018-02-01
38,101364.4765625,101364.4765625,101364.4765625,2018-03-01
39,101729.171875,101729.171875,101729.171875,2018-04-01
40,101292.2890625,101292.2890625,101292.2890625,2018-05-01
41,101387.21875,101387.21875,101387.21875,2018-06-01
42,101680.9921875,101680.9921875,101680.9921875,2018-07-01
43,101809.7421875,101809.7421875,101809.7421875,2018-08-01
44,101451.796875,101451.796875,101451.796875,2018-09-01
45,101427.6015625,101427.6015625,101427.6015625,2018-10-01
46,102175.78125,102175.78125,102175.78125,2018-11-01
47,102141.9765625,102141.9765625,102141.9765625,2018-12-01
48,101643.765625,101643.765625,101643.765625,2019-01-01
49,101774.0234375,101774.0234375,101774.0234375,2019-02-01
50,101537.84375,101537.84375,101537.84375,2019-03-01
51,101489.5234375,101489.5234375,101489.5234375,2019-04-01
52,101949.9296875,101949.9296875,101949.9296875,2019-05-01
53,101821.8828125,101821.8828125,101821.8828125,2019-06-01
54,101764.265625,101764.265625,101764.265625,2019-07-01
55,101717.0234375,101717.0234375,101717.0234375,2019-08-01
56,102287.484375,102287.484375,102287.484375,2019-09-01
57,102620.375,102620.375,102620.375,2019-10-01
58,101714.1171875,101714.1171875,101714.1171875,2019-11-01
59,100777.5859375,100777.5859375,100777.5859375,2019-12-01
60,101971.4375,101971.4375,101971.4375,2020-01-01
61,101152.984375,101152.984375,101152.984375,2020-02-01
62,101501.0390625,101501.0390625,101501.0390625,2020-03-01
63,100935.90625,100935.90625,100935.90625,2020-04-01
64,101282.34375,101282.34375,101282.34375,2020-05-01
65,101470.9453125,101470.9453125,101470.9453125,2020-06-01
66,102045.8671875,102045.8671875,102045.8671875,2020-07-01
67,101673.96875,101673.96875,101673.96875,2020-08-01
68,102153.8359375,102153.8359375,102153.8359375,2020-09-01
69,101765.7109375,101765.7109375,101765.7109375,2020-10-01
70,102221.78125,102221.78125,102221.78125,2020-11-01
71,101060.921875,101060.921875,101060.921875,2020-12-01
72,101590.40625,101590.40625,101590.40625,2021-01-01
73,102018.5546875,102018.5546875,102018.5546875,2021-02-01
74,102571.9296875,102571.9296875,102571.9296875,2021-03-01
75,101370.6328125,101370.6328125,101370.6328125,2021-04-01
76,101487.75,101487.75,101487.75,2021-05-01
77,101966.0,101966.0,101966.0,2021-06-01
78,101839.375,101839.375,101839.375,2021-07-01
79,101940.984375,101940.984375,101940.984375,2021-08-01
80,102212.8046875,102212.8046875,102212.8046875,2021-09-01
81,102416.140625,102416.140625,102416.140625,2021-10-01
82,102268.140625,102268.140625,102268.140625,2021-11-01
83,101536.9296875,101536.9296875,101536.9296875,2021-12-01
84,100543.3671875,100543.3671875,100543.3671875,2022-01-01
85,101623.0234375,101623.0234375,101623.0234375,2022-02-01
86,101737.6796875,101737.6796875,101737.6796875,2022-03-01
87,101809.453125,101809.453125,101809.453125,2022-04-01
88,101220.28125,101220.28125,101220.28125,2022-05-01
89,101773.2890625,101773.2890625,101773.2890625,2022-06-01
90,102119.171875,102119.171875,102119.171875,2022-07-01
91,101730.7109375,101730.7109375,101730.7109375,2022-08-01
92,101612.125,101612.125,101612.125,2022-09-01
93,101721.1171875,101721.1171875,101721.1171875,2022-10-01
94,101928.34375,101928.34375,101928.34375,2022-11-01
95,101587.2421875,101587.2421875,101587.2421875,2022-12-01
96,102511.265625,102511.265625,102511.265625,2023-01-01
97,102211.0078125,102211.0078125,102211.0078125,2023-02-01
98,101611.015625,101611.015625,101611.015625,2023-03-01
99,102036.75,102036.75,102036.75,2023-04-01
100,101083.1640625,101083.1640625,101083.1640625,2023-05-01
101,101565.140625,101565.140625,101565.140625,2023-06-01
102,101527.3671875,101527.3671875,101527.3671875,2023-07-01
103,102012.5625,102012.5625,102012.5625,2023-08-01
104,102391.1875,102391.1875,102391.1875,2023-09-01
105,101444.953125,101444.953125,101444.953125,2023-10-01
106,101693.0546875,101693.0546875,101693.0546875,2023-11-01
107,101223.390625,101223.390625,101223.390625,2023-12-01
108,101109.875,101109.875,101109.875,2024-01-01
109,102730.4296875,102730.4296875,102730.4296875,2024-02-01
110,101914.0859375,101914.0859375,101914.0859375,2024-03-01
111,101992.8359375,101992.8359375,101992.8359375,2024-04-01
112,102113.859375,102113.859375,102113.859375,2024-05-01
113,101978.59375,101978.59375,101978.59375,2024-06-01
114,101543.625,101543.625,101543.625,2024-07-01
115,101874.0859375,101874.0859375,101874.0859375,2024-08-01
116,102228.2734375,102228.2734375,102228.2734375,2024-09-01
117,102071.6796875,102071.6796875,102071.6796875,2024-10-01
118,102039.1015625,102039.1015625,102039.1015625,2024-11-01
119,102092.4140625,102092.4140625,102092.4140625,2024-12-01
120,101173.5234375,101173.5234375,101173.5234375,2025-01-01
121,101522.4453125,101522.4453125,101522.4453125,2025-02-01
122,101412.75,101412.75,101412.75,2025-03-01
123,101399.890625,101399.890625,101399.890625,2025-04-01
124,101163.671875,101163.671875,101163.671875,2025-05-01
125,101936.1640625,101936.1640625,101936.1640625,2025-06-01
126,102037.9765625,102037.9765625,102037.9765625,2025-07-01
127,102126.4609375,102126.4609375,102126.4609375,2025-08-01
128,102102.8046875,102102.8046875,102102.8046875,2025-09-01
129,102227.3125,102227.3125,102227.3125,2025-10-01
130,101655.0703125,101655.0703125,101655.0703125,2025-11-01
131,102328.0,102328.0,102328.0,2025-12-01
132,101487.9296875,101487.9296875,101487.9296875,2026-01-01
133,101021.8828125,101021.8828125,101021.8828125,2026-02-01
134,101449.7734375,101449.7734375,101449.7734375,2026-03-01
135,101921.9765625,101921.9765625,101921.9765625,2026-04-01
136,102167.0390625,102167.0390625,102167.0390625,2026-05-01
137,100953.265625,100953.265625,100953.265625,2026-06-01
138,101967.6953125,101967.6953125,101967.6953125,2026-07-01
139,102010.953125,102010.953125,102010.953125,2026-08-01
140,102481.0234375,102481.0234375,102481.0234375,2026-09-01
141,101759.5625,101759.5625,101759.5625,2026-10-01
142,101555.6484375,101555.6484375,101555.6484375,2026-11-01
143,102495.484375,102495.484375,102495.484375,2026-12-01
144,102872.546875,102872.546875,102872.546875,2027-01-01
145,100414.21875,100414.21875,100414.21875,2027-02-01
146,101560.8515625,101560.8515625,101560.8515625,2027-03-01
147,101134.4609375,101134.4609375,101134.4609375,2027-04-01
148,101947.03125,101947.03125,101947.03125,2027-05-01
149,101329.578125,101329.578125,101329.578125,2027-06-01
150,101492.375,101492.375,101492.375,2027-07-01
151,101767.875,101767.875,101767.875,2027-08-01
152,102090.8515625,102090.8515625,102090.8515625,2027-09-01
153,101425.4609375,101425.4609375,101425.4609375,2027-10-01
154,102000.3828125,102000.3828125,102000.3828125,2027-11-01
155,101979.4765625,101979.4765625,101979.4765625,2027-12-01
156,102799.1796875,102799.1796875,102799.1796875,2028-01-01
157,102318.40625,102318.40625,102318.40625,2028-02-01
158,101462.0078125,101462.0078125,101462.0078125,2028-03-01
159,100955.953125,100955.953125,100955.953125,2028-04-01
160,101443.0625,101443.0625,101443.0625,2028-05-01
161,101690.640625,101690.640625,101690.640625,2028-06-01
162,101658.9921875,101658.9921875,101658.9921875,2028-07-01
163,101798.7890625,101798.7890625,101798.7890625,2028-08-01
164,102106.640625,102106.640625,102106.640625,2028-09-01
165,101451.359375,101451.359375,101451.359375,2028-10-01
166,102014.046875,102014.046875,102014.046875,2028-11-01
167,101581.4765625,101581.4765625,101581.4765625,2028-12-01
168,102244.828125,102244.828125,102244.828125,2029-01-01
169,101776.4765625,101776.4765625,101776.4765625,2029-02-01
170,101133.7421875,101133.7421875,101133.7421875,2029-03-01
171,101113.890625,101113.890625,101113.890625,2029-04-01
172,101267.8984375,101267.8984375,101267.8984375,2029-05-01
173,101878.1328125,101878.1328125,101878.1328125,2029-06-01
174,102073.1015625,102073.1015625,102073.1015625,2029-07-01
175,101943.7734375,101943.7734375,101943.7734375,2029-08-01
176,101717.734375,101717.734375,101717.734375,2029-09-01
177,102384.1796875,102384.1796875,102384.1796875,2029-10-01
178,101772.796875,101772.796875,101772.796875,2029-11-01
179,101110.7265625,101110.7265625,101110.7265625,2029-12-01
180,102406.1875,102406.1875,102406.1875,2030-01-01
181,101244.65625,101244.65625,101244.65625,2030-02-01
182,101311.5234375,101311.5234375,101311.5234375,2030-03-01
183,101555.8828125,101555.8828125,101555.8828125,2030-04-01
184,101590.078125,101590.078125,101590.078125,2030-05-01
185,101921.921875,101921.921875,101921.921875,2030-06-01
186,101524.0234375,101524.0234375,101524.0234375,2030-07-01
187,102195.40625,102195.40625,102195.40625,2030-08-01
188,101729.7109375,101729.7109375,101729.7109375,2030-09-01
189,101939.765625,101939.765625,101939.765625,2030-10-01
190,100600.765625,100600.765625,100600.765625,2030-11-01
191,101454.0703125,101454.0703125,101454.0703125,2030-12-01
192,101597.625,101597.625,101597.625,2031-01-01
193,101649.9921875,101649.9921875,101649.9921875,2031-02-01
194,101611.34375,101611.34375,101611.34375,2031-03-01
195,101788.734375,101788.734375,101788.734375,2031-04-01
196,101740.2890625,101740.2890625,101740.2890625,2031-05-01
197,101531.890625,101531.890625,101531.890625,2031-06-01
198,101877.359375,101877.359375,101877.359375,2031-07-01
199,101820.71875,101820.71875,101820.71875,2031-08-01
200,102087.7578125,102087.7578125,102087.7578125,2031-09-01
201,101517.390625,101517.390625,101517.390625,2031-10-01
202,101249.859375,101249.859375,101249.859375,2031-11-01
203,101882.6640625,101882.6640625,101882.6640625,2031-12-01
204,102146.765625,102146.765625,102146.765625,2032-01-01
205,101729.90625,101729.90625,101729.90625,2032-02-01
206,102165.03125,102165.03125,102165.03125,2032-03-01
207,101369.7734375,101369.7734375,101369.7734375,2032-04-01
208,101409.0703125,101409.0703125,101409.0703125,2032-05-01
209,101749.703125,101749.703125,101749.703125,2032-06-01
210,101841.2578125,101841.2578125,101841.2578125,2032-07-01
211,101616.3828125,101616.3828125,101616.3828125,2032-08-01
212,102434.859375,102434.859375,102434.859375,2032-09-01
213,101981.8125,101981.8125,101981.8125,2032-10-01
214,102016.9296875,102016.9296875,102016.9296875,2032-11-01
215,100953.5078125,100953.5078125,100953.5078125,2032-12-01
216,101115.28125,101115.28125,101115.28125,2033-01-01
217,102241.9296875,102241.9296875,102241.9296875,2033-02-01
218,102285.1875,102285.1875,102285.1875,2033-03-01
219,100986.109375,100986.109375,100986.109375,2033-04-01
220,101233.9375,101233.9375,101233.9375,2033-05-01
221,102054.1328125,102054.1328125,102054.1328125,2033-06-01
222,101773.328125,101773.328125,101773.328125,2033-07-01
223,101717.390625,101717.390625,101717.390625,2033-08-01
224,101922.1484375,101922.1484375,101922.1484375,2033-09-01
225,101690.359375,101690.359375,101690.359375,2033-10-01
226,100650.5546875,100650.5546875,100650.5546875,2033-11-01
227,100882.640625,100882.640625,100882.640625,2033-12-01
228,101725.9375,101725.9375,101725.9375,2034-01-01
229,100829.625,100829.625,100829.625,2034-02-01
230,101173.609375,101173.609375,101173.609375,2034-03-01
231,101707.5,101707.5,101707.5,2034-04-01
232,101144.9375,101144.9375,101144.9375,2034-05-01
233,101705.3984375,101705.3984375,101705.3984375,2034-06-01
234,101898.0546875,101898.0546875,101898.0546875,2034-07-01
235,102242.8203125,102242.8203125,102242.8203125,2034-08-01
236,101344.390625,101344.390625,101344.390625,2034-09-01
237,101355.90625,101355.90625,101355.90625,2034-10-01
238,101667.7734375,101667.7734375,101667.7734375,2034-11-01
239,102370.4140625,102370.4140625,102370.4140625,2034-12-01
240,100663.5234375,100663.5234375,100663.5234375,2035-01-01
241,101279.21875,101279.21875,101279.21875,2035-02-01
242,102315.0078125,102315.0078125,102315.0078125,2035-03-01
243,101607.6484375,101607.6484375,101607.6484375,2035-04-01
244,101448.7265625,101448.7265625,101448.7265625,2035-05-01
245,101336.5,101336.5,101336.5,2035-06-01
246,101961.3046875,101961.3046875,101961.3046875,2035-07-01
247,101898.7890625,101898.7890625,101898.7890625,2035-08-01
248,101867.5859375,101867.5859375,101867.5859375,2035-09-01
249,102302.671875,102302.671875,102302.671875,2035-10-01
250,101356.125,101356.125,101356.125,2035-11-01
251,102407.6328125,102407.6328125,102407.6328125,2035-12-01
252,101700.1875,101700.1875,101700.1875,2036-01-01
253,103430.984375,103430.984375,103430.984375,2036-02-01
254,101804.0,101804.0,101804.0,2036-03-01
255,102099.3671875,102099.3671875,102099.3671875,2036-04-01
256,101803.578125,101803.578125,101803.578125,2036-05-01
257,101436.2109375,101436.2109375,101436.2109375,2036-06-01
258,101724.734375,101724.734375,101724.734375,2036-07-01
259,101828.1953125,101828.1953125,101828.1953125,2036-08-01
260,101921.1328125,101921.1328125,101921.1328125,2036-09-01
261,101731.84375,101731.84375,101731.84375,2036-10-01
262,102513.265625,102513.265625,102513.265625,2036-11-01
263,102027.40625,102027.40625,102027.40625,2036-12-01
264,102490.3125,102490.3125,102490.3125,2037-01-01
265,101850.7109375,101850.7109375,101850.7109375,2037-02-01
266,101437.5078125,101437.5078125,101437.5078125,2037-03-01
267,101218.40625,101218.40625,101218.40625,2037-04-01
268,100912.109375,100912.109375,100912.109375,2037-05-01
269,101478.4296875,101478.4296875,101478.4296875,2037-06-01
270,101469.390625,101469.390625,101469.390625,2037-07-01
271,101631.6796875,101631.6796875,101631.6796875,2037-08-01
272,101866.2578125,101866.2578125,101866.2578125,2037-09-01
273,101728.453125,101728.453125,101728.453125,2037-10-01
274,102150.390625,102150.390625,102150.390625,2037-11-01
275,101134.3125,101134.3125,101134.3125,2037-12-01
276,101985.9140625,101985.9140625,101985.9140625,2038-01-01
277,102912.296875,102912.296875,102912.296875,2038-02-01
278,101681.796875,101681.796875,101681.796875,2038-03-01
279,101078.2890625,101078.2890625,101078.2890625,2038-04-01
280,101732.171875,101732.171875,101732.171875,2038-05-01
281,101570.4921875,101570.4921875,101570.4921875,2038-06-01
282,101922.984375,101922.984375,101922.984375,2038-07-01
283,101934.46875,101934.46875,101934.46875,2038-08-01
284,101751.8203125,101751.8203125,101751.8203125,2038-09-01
285,101741.6796875,101741.6796875,101741.6796875,2038-10-01
286,101316.015625,101316.015625,101316.015625,2038-11-01
287,100729.3515625,100729.3515625,100729.3515625,2038-12-01
288,100885.359375,100885.359375,100885.359375,2039-01-01
289,101092.5078125,101092.5078125,101092.5078125,2039-02-01
290,102217.1953125,102217.1953125,102217.1953125,2039-03-01
291,101592.3515625,101592.3515625,101592.3515625,2039-04-01
292,101534.5234375,101534.5234375,101534.5234375,2039-05-01
293,101644.515625,101644.515625,101644.515625,2039-06-01
294,101535.5234375,101535.5234375,101535.5234375,2039-07-01
295,101699.1953125,101699.1953125,101699.1953125,2039-08-01
296,101922.4140625,101922.4140625,101922.4140625,2039-09-01
297,101559.0625,101559.0625,101559.0625,2039-10-01
298,101490.6484375,101490.6484375,101490.6484375,2039-11-01
299,100880.3984375,100880.3984375,100880.3984375,2039-12-01
300,102247.3515625,102247.3515625,102247.3515625,2040-01-01
301,102423.359375,102423.359375,102423.359375,2040-02-01
302,102323.2421875,102323.2421875,102323.2421875,2040-03-01
303,101715.8203125,101715.8203125,101715.8203125,2040-04-01
304,101376.4921875,101376.4921875,101376.4921875,2040-05-01
305,101766.78125,101766.78125,101766.78125,2040-06-01
306,101630.6875,101630.6875,101630.6875,2040-07-01
307,101729.421875,101729.421875,101729.421875,2040-08-01
308,101989.234375,101989.234375,101989.234375,2040-09-01
309,101497.7578125,101497.7578125,101497.7578125,2040-10-01
310,100393.5390625,100393.5390625,100393.5390625,2040-11-01
311,101584.109375,101584.109375,101584.109375,2040-12-01
312,101373.671875,101373.671875,101373.671875,2041-01-01
313,101915.109375,101915.109375,101915.109375,2041-02-01
314,100933.484375,100933.484375,100933.484375,2041-03-01
315,101668.6328125,101668.6328125,101668.6328125,2041-04-01
316,101718.5625,101718.5625,101718.5625,2041-05-01
317,101643.1015625,101643.1015625,101643.1015625,2041-06-01
318,101614.734375,101614.734375,101614.734375,2041-07-01
319,101911.28125,101911.28125,101911.28125,2041-08-01
320,102108.6796875,102108.6796875,102108.6796875,2041-09-01
321,101635.609375,101635.609375,101635.609375,2041-10-01
322,101111.5703125,101111.5703125,101111.5703125,2041-11-01
323,100667.9296875,100667.9296875,100667.9296875,2041-12-01
324,101658.4140625,101658.4140625,101658.4140625,2042-01-01
325,101645.890625,101645.890625,101645.890625,2042-02-01
326,101032.234375,101032.234375,101032.234375,2042-03-01
327,101292.3203125,101292.3203125,101292.3203125,2042-04-01
328,101566.890625,101566.890625,101566.890625,2042-05-01
329,101811.453125,101811.453125,101811.453125,2042-06-01
330,101690.734375,101690.734375,101690.734375,2042-07-01
331,101856.6484375,101856.6484375,101856.6484375,2042-08-01
332,101943.34375,101943.34375,101943.34375,2042-09-01
333,102569.984375,102569.984375,102569.984375,2042-10-01
334,101042.7421875,101042.7421875,101042.7421875,2042-11-01
335,101176.7890625,101176.7890625,101176.7890625,2042-12-01
336,101434.1640625,101434.1640625,101434.1640625,2043-01-01
337,102505.3359375,102505.3359375,102505.3359375,2043-02-01
338,101596.671875,101596.671875,101596.671875,2043-03-01
339,101416.078125,101416.078125,101416.078125,2043-04-01
340,101518.2109375,101518.2109375,101518.2109375,2043-05-01
341,101800.75,101800.75,101800.75,2043-06-01
342,101667.921875,101667.921875,101667.921875,2043-07-01
343,102173.046875,102173.046875,102173.046875,2043-08-01
344,102094.46875,102094.46875,102094.46875,2043-09-01
345,102097.4296875,102097.4296875,102097.4296875,2043-10-01
346,101192.359375,101192.359375,101192.359375,2043-11-01
347,100710.0546875,100710.0546875,100710.0546875,2043-12-01
348,100825.6171875,100825.6171875,100825.6171875,2044-01-01
349,101886.8359375,101886.8359375,101886.8359375,2044-02-01
350,101828.671875,101828.671875,101828.671875,2044-03-01
351,101979.671875,101979.671875,101979.671875,2044-04-01
352,101597.3125,101597.3125,101597.3125,2044-05-01
353,101987.8046875,101987.8046875,101987.8046875,2044-06-01
354,101546.078125,101546.078125,101546.078125,2044-07-01
355,101963.84375,101963.84375,101963.84375,2044-08-01
356,101976.0,101976.0,101976.0,2044-09-01
357,101664.75,101664.75,101664.75,2044-10-01
358,101785.234375,101785.234375,101785.234375,2044-11-01
359,101436.9140625,101436.9140625,101436.9140625,2044-12-01
360,101169.96875,101169.96875,101169.96875,2045-01-01
361,101373.2890625,101373.2890625,101373.2890625,2045-02-01
362,102321.390625,102321.390625,102321.390625,2045-03-01
363,101466.9921875,101466.9921875,101466.9921875,2045-04-01
364,101243.8828125,101243.8828125,101243.8828125,2045-05-01
365,101804.8203125,101804.8203125,101804.8203125,2045-06-01
366,101821.75,101821.75,101821.75,2045-07-01
367,101901.1875,101901.1875,101901.1875,2045-08-01
368,102345.0859375,102345.0859375,102345.0859375,2045-09-01
369,101589.1640625,101589.1640625,101589.1640625,2045-10-01
370,100876.0234375,100876.0234375,100876.0234375,2045-11-01
371,101588.4375,101588.4375,101588.4375,2045-12-01
372,101933.390625,101933.390625,101933.390625,2046-01-01
373,102131.6015625,102131.6015625,102131.6015625,2046-02-01
374,102242.140625,102242.140625,102242.140625,2046-03-01
375,101230.109375,101230.109375,101230.109375,2046-04-01
376,101458.0390625,101458.0390625,101458.0390625,2046-05-01
377,101640.71875,101640.71875,101640.71875,2046-06-01
378,101847.7265625,101847.7265625,101847.7265625,2046-07-01
379,101799.1875,101799.1875,101799.1875,2046-08-01
380,101859.0078125,101859.0078125,101859.0078125,2046-09-01
381,101500.6015625,101500.6015625,101500.6015625,2046-10-01
382,102028.0859375,102028.0859375,102028.0859375,2046-11-01
383,102319.0625,102319.0625,102319.0625,2046-12-01
384,103077.609375,103077.609375,103077.609375,2047-01-01
385,102953.7578125,102953.7578125,102953.7578125,2047-02-01
386,101134.671875,101134.671875,101134.671875,2047-03-01
387,101206.9296875,101206.9296875,101206.9296875,2047-04-01
388,101510.4375,101510.4375,101510.4375,2047-05-01
389,101463.6484375,101463.6484375,101463.6484375,2047-06-01
390,101835.6484375,101835.6484375,101835.6484375,2047-07-01
391,101776.4140625,101776.4140625,101776.4140625,2047-08-01
392,101742.2109375,101742.2109375,101742.2109375,2047-09-01
393,101645.7109375,101645.7109375,101645.7109375,2047-10-01
394,100978.25,100978.25,100978.25,2047-11-01
395,101327.28125,101327.28125,101327.28125,2047-12-01
396,100947.9296875,100947.9296875,100947.9296875,2048-01-01
397,100228.9296875,100228.9296875,100228.9296875,2048-02-01
398,101058.09375,101058.09375,101058.09375,2048-03-01
399,101222.5703125,101222.5703125,101222.5703125,2048-04-01
400,101780.3046875,101780.3046875,101780.3046875,2048-05-01
401,101631.2265625,101631.2265625,101631.2265625,2048-06-01
402,101498.6953125,101498.6953125,101498.6953125,2048-07-01
403,101699.296875,101699.296875,101699.296875,2048-08-01
404,102160.5859375,102160.5859375,102160.5859375,2048-09-01
405,102068.8515625,102068.8515625,102068.8515625,2048-10-01
406,101707.53125,101707.53125,101707.53125,2048-11-01
407,101607.8203125,101607.8203125,101607.8203125,2048-12-01
408,102725.0546875,102725.0546875,102725.0546875,2049-01-01
409,101951.8203125,101951.8203125,101951.8203125,2049-02-01
410,102144.5703125,102144.5703125,102144.5703125,2049-03-01
411,101226.2109375,101226.2109375,101226.2109375,2049-04-01
412,101546.46875,101546.46875,101546.46875,2049-05-01
413,101535.1484375,101535.1484375,101535.1484375,2049-06-01
414,101942.8203125,101942.8203125,101942.8203125,2049-07-01
415,101713.703125,101713.703125,101713.703125,2049-08-01
416,101979.6328125,101979.6328125,101979.6328125,2049-09-01
417,101925.578125,101925.578125,101925.578125,2049-10-01
418,101804.359375,101804.359375,101804.359375,2049-11-01
419,102351.0859375,102351.0859375,102351.0859375,2049-12-01
420,102649.859375,102649.859375,102649.859375,2050-01-01
421,102251.421875,102251.421875,102251.421875,2050-02-01
422,101319.9375,101319.9375,101319.9375,2050-03-01
423,101115.484375,101115.484375,101115.484375,2050-04-01
424,101695.25,101695.25,101695.25,2050-05-01
425,101630.8359375,101630.8359375,101630.8359375,2050-06-01
426,101697.3984375,101697.3984375,101697.3984375,2050-07-01
427,101735.8359375,101735.8359375,101735.8359375,2050-08-01
428,101943.1640625,101943.1640625,101943.1640625,2050-09-01
429,101921.6015625,101921.6015625,101921.6015625,2050-10-01
430,101621.9375,101621.9375,101621.9375,2050-11-01
431,100842.625,100842.625,100842.625,2050-12-01
432,101132.34375,101132.34375,101132.34375,2051-01-01
433,101961.4296875,101961.4296875,101961.4296875,2051-02-01
434,102312.4765625,102312.4765625,102312.4765625,2051-03-01
435,101565.6953125,101565.6953125,101565.6953125,2051-04-01
436,102010.8984375,102010.8984375,102010.8984375,2051-05-01
437,101252.6875,101252.6875,101252.6875,2051-06-01
438,101869.265625,101869.265625,101869.265625,2051-07-01
439,101914.953125,101914.953125,101914.953125,2051-08-01
440,102457.828125,102457.828125,102457.828125,2051-09-01
441,101604.03125,101604.03125,101604.03125,2051-10-01
442,101376.0546875,101376.0546875,101376.0546875,2051-11-01
443,101691.4140625,101691.4140625,101691.4140625,2051-12-01
444,101032.265625,101032.265625,101032.265625,2052-01-01
445,100583.5859375,100583.5859375,100583.5859375,2052-02-01
446,101601.6796875,101601.6796875,101601.6796875,2052-03-01
447,101868.96875,101868.96875,101868.96875,2052-04-01
448,101112.65625,101112.65625,101112.65625,2052-05-01
449,101387.0859375,101387.0859375,101387.0859375,2052-06-01
450,101624.7890625,101624.7890625,101624.7890625,2052-07-01
451,101982.6484375,101982.6484375,101982.6484375,2052-08-01
452,102048.75,102048.75,102048.75,2052-09-01
453,100742.75,100742.75,100742.75,2052-10-01
454,100719.1015625,100719.1015625,100719.1015625,2052-11-01
455,101401.671875,101401.671875,101401.671875,2052-12-01
456,101769.0859375,101769.0859375,101769.0859375,2053-01-01
457,100603.640625,100603.640625,100603.640625,2053-02-01
458,101643.6953125,101643.6953125,101643.6953125,2053-03-01
459,101290.0859375,101290.0859375,101290.0859375,2053-04-01
460,101499.3828125,101499.3828125,101499.3828125,2053-05-01
461,101126.1328125,101126.1328125,101126.1328125,2053-06-01
462,102027.3046875,102027.3046875,102027.3046875,2053-07-01
463,101937.359375,101937.359375,101937.359375,2053-08-01
464,102488.453125,102488.453125,102488.453125,2053-09-01
465,102259.84375,102259.84375,102259.84375,2053-10-01
466,102489.109375,102489.109375,102489.109375,2053-11-01
467,102609.9296875,102609.9296875,102609.9296875,2053-12-01
468,100842.3671875,100842.3671875,100842.3671875,2054-01-01
469,101683.8203125,101683.8203125,101683.8203125,2054-02-01
470,101966.375,101966.375,101966.375,2054-03-01
471,101190.265625,101190.265625,101190.265625,2054-04-01
472,102044.6015625,102044.6015625,102044.6015625,2054-05-01
473,101492.953125,101492.953125,101492.953125,2054-06-01
474,101478.5859375,101478.5859375,101478.5859375,2054-07-01
475,101503.984375,101503.984375,101503.984375,2054-08-01
476,102297.2734375,102297.2734375,102297.2734375,2054-09-01
477,102274.125,102274.125,102274.125,2054-10-01
478,101916.0390625,101916.0390625,101916.0390625,2054-11-01
479,102736.8984375,102736.8984375,102736.8984375,2054-12-01
480,102311.90625,102311.90625,102311.90625,2055-01-01
481,102515.453125,102515.453125,102515.453125,2055-02-01
482,102128.8671875,102128.8671875,102128.8671875,2055-03-01
483,101303.2421875,101303.2421875,101303.2421875,2055-04-01
484,101645.96875,101645.96875,101645.96875,2055-05-01
485,101731.671875,101731.671875,101731.671875,2055-06-01
486,101973.421875,101973.421875,101973.421875,2055-07-01
487,101765.0390625,101765.0390625,101765.0390625,2055-08-01
488,102360.9453125,102360.9453125,102360.9453125,2055-09-01
489,101656.171875,101656.171875,101656.171875,2055-10-01
490,101626.234375,101626.234375,101626.234375,2055-11-01
491,101301.0078125,101301.0078125,101301.0078125,2055-12-01
492,101394.078125,101394.078125,101394.078125,2056-01-01
493,100907.21875,100907.21875,100907.21875,2056-02-01
494,101420.75,101420.75,101420.75,2056-03-01
495,101003.6015625,101003.6015625,101003.6015625,2056-04-01
496,101989.8359375,101989.8359375,101989.8359375,2056-05-01
497,101503.484375,101503.484375,101503.484375,2056-06-01
498,101519.4765625,101519.4765625,101519.4765625,2056-07-01
499,101615.7734375,101615.7734375,101615.7734375,2056-08-01
500,101977.359375,101977.359375,101977.359375,2056-09-01
501,101755.234375,101755.234375,101755.234375,2056-10-01
502,101642.0234375,101642.0234375,101642.0234375,2056-11-01
503,101283.890625,101283.890625,101283.890625,2056-12-01
504,100265.3828125,100265.3828125,100265.3828125,2057-01-01
505,101169.8828125,101169.8828125,101169.8828125,2057-02-01
506,101821.6953125,101821.6953125,101821.6953125,2057-03-01
507,101998.9921875,101998.9921875,101998.9921875,2057-04-01
508,102069.8515625,102069.8515625,102069.8515625,2057-05-01
509,101652.671875,101652.671875,101652.671875,2057-06-01
510,101783.671875,101783.671875,101783.671875,2057-07-01
511,101730.4375,101730.4375,101730.4375,2057-08-01
512,102110.265625,102110.265625,102110.265625,2057-09-01
513,101558.59375,101558.59375,101558.59375,2057-10-01
514,101424.234375,101424.234375,101424.234375,2057-11-01
515,101055.5859375,101055.5859375,101055.5859375,2057-12-01
516,101957.0859375,101957.0859375,101957.0859375,2058-01-01
517,101833.296875,101833.296875,101833.296875,2058-02-01
518,102260.984375,102260.984375,102260.984375,2058-03-01
519,101464.8046875,101464.8046875,101464.8046875,2058-04-01
520,102059.75,102059.75,102059.75,2058-05-01
521,101001.4765625,101001.4765625,101001.4765625,2058-06-01
522,101691.125,101691.125,101691.125,2058-07-01
523,101975.234375,101975.234375,101975.234375,2058-08-01
524,101919.765625,101919.765625,101919.765625,2058-09-01
525,101757.3203125,101757.3203125,101757.3203125,2058-10-01
526,101723.4921875,101723.4921875,101723.4921875,2058-11-01
527,102934.71875,102934.71875,102934.71875,2058-12-01
528,101692.3671875,101692.3671875,101692.3671875,2059-01-01
529,101488.265625,101488.265625,101488.265625,2059-02-01
530,101412.9453125,101412.9453125,101412.9453125,2059-03-01
531,100746.6796875,100746.6796875,100746.6796875,2059-04-01
532,101399.6953125,101399.6953125,101399.6953125,2059-05-01
533,101702.0703125,101702.0703125,101702.0703125,2059-06-01
534,101879.3671875,101879.3671875,101879.3671875,2059-07-01
535,102037.0546875,102037.0546875,102037.0546875,2059-08-01
536,101882.9453125,101882.9453125,101882.9453125,2059-09-01
537,101762.0390625,101762.0390625,101762.0390625,2059-10-01
538,101178.4765625,101178.4765625,101178.4765625,2059-11-01
539,100469.453125,100469.453125,100469.453125,2059-12-01
540,101809.0234375,101809.0234375,101809.0234375,2060-01-01
541,101516.109375,101516.109375,101516.109375,2060-02-01
542,101188.421875,101188.421875,101188.421875,2060-03-01
543,101365.890625,101365.890625,101365.890625,2060-04-01
544,101252.453125,101252.453125,101252.453125,2060-05-01
545,101716.0078125,101716.0078125,101716.0078125,2060-06-01
546,101711.53125,101711.53125,101711.53125,2060-07-01
547,101778.3046875,101778.3046875,101778.3046875,2060-08-01
548,101797.0625,101797.0625,101797.0625,2060-09-01
549,101243.7265625,101243.7265625,101243.7265625,2060-10-01
550,101297.53125,101297.53125,101297.53125,2060-11-01
551,101681.2421875,101681.2421875,101681.2421875,2060-12-01
552,101859.8125,101859.8125,101859.8125,2061-01-01
553,102638.4140625,102638.4140625,102638.4140625,2061-02-01
554,102024.3671875,102024.3671875,102024.3671875,2061-03-01
555,101417.25,101417.25,101417.25,2061-04-01
556,101375.53125,101375.53125,101375.53125,2061-05-01
557,101111.1875,101111.1875,101111.1875,2061-06-01
558,101952.453125,101952.453125,101952.453125,2061-07-01
559,101842.9296875,101842.9296875,101842.9296875,2061-08-01
560,102243.015625,102243.015625,102243.015625,2061-09-01
561,102370.6640625,102370.6640625,102370.6640625,2061-10-01
562,101955.875,101955.875,101955.875,2061-11-01
563,101555.8125,101555.8125,101555.8125,2061-12-01
564,101720.34375,101720.34375,101720.34375,2062-01-01
565,101058.2578125,101058.2578125,101058.2578125,2062-02-01
566,100685.046875,100685.046875,100685.046875,2062-03-01
567,102020.6640625,102020.6640625,102020.6640625,2062-04-01
568,101503.703125,101503.703125,101503.703125,2062-05-01
569,101510.1875,101510.1875,101510.1875,2062-06-01
570,101782.625,101782.625,101782.625,2062-07-01
571,101792.2578125,101792.2578125,101792.2578125,2062-08-01
572,101992.265625,101992.265625,101992.265625,2062-09-01
573,102278.2265625,102278.2265625,102278.2265625,2062-10-01
574,101225.0390625,101225.0390625,101225.0390625,2062-11-01
575,101075.703125,101075.703125,101075.703125,2062-12-01
576,101203.5859375,101203.5859375,101203.5859375,2063-01-01
577,102138.5703125,102138.5703125,102138.5703125,2063-02-01
578,102153.890625,102153.890625,102153.890625,2063-03-01
579,101285.25,101285.25,101285.25,2063-04-01
580,101624.8203125,101624.8203125,101624.8203125,2063-05-01
581,101359.1328125,101359.1328125,101359.1328125,2063-06-01
582,101643.21875,101643.21875,101643.21875,2063-07-01
583,101718.4453125,101718.4453125,101718.4453125,2063-08-01
584,102190.40625,102190.40625,102190.40625,2063-09-01
585,102492.2265625,102492.2265625,102492.2265625,2063-10-01
586,101160.9765625,101160.9765625,101160.9765625,2063-11-01
587,101910.828125,101910.828125,101910.828125,2063-12-01
588,102741.1796875,102741.1796875,102741.1796875,2064-01-01
589,101753.3359375,101753.3359375,101753.3359375,2064-02-01
590,100962.203125,100962.203125,100962.203125,2064-03-01
591,101669.0234375,101669.0234375,101669.0234375,2064-04-01
592,101371.4140625,101371.4140625,101371.4140625,2064-05-01
593,101606.7109375,101606.7109375,101606.7109375,2064-06-01
594,102051.625,102051.625,102051.625,2064-07-01
595,101807.4453125,101807.4453125,101807.4453125,2064-08-01
596,102288.609375,102288.609375,102288.609375,2064-09-01
597,102184.2578125,102184.2578125,102184.2578125,2064-10-01
598,101535.4609375,101535.4609375,101535.4609375,2064-11-01
599,101191.1875,101191.1875,101191.1875,2064-12-01
600,102283.3828125,102283.3828125,102283.3828125,2065-01-01
601,102497.515625,102497.515625,102497.515625,2065-02-01
602,102147.28125,102147.28125,102147.28125,2065-03-01
603,101923.1328125,101923.1328125,101923.1328125,2065-04-01
604,101274.5390625,101274.5390625,101274.5390625,2065-05-01
605,101663.921875,101663.921875,101663.921875,2065-06-01
606,102005.703125,102005.703125,102005.703125,2065-07-01
607,102018.5078125,102018.5078125,102018.5078125,2065-08-01
608,102350.8046875,102350.8046875,102350.8046875,2065-09-01
609,101841.3046875,101841.3046875,101841.3046875,2065-10-01
610,101605.7734375,101605.7734375,101605.7734375,2065-11-01
611,101224.25,101224.25,101224.25,2065-12-01
612,100812.8671875,100812.8671875,100812.8671875,2066-01-01
613,100825.9375,100825.9375,100825.9375,2066-02-01
614,100938.078125,100938.078125,100938.078125,2066-03-01
615,101689.9375,101689.9375,101689.9375,2066-04-01
616,101949.9921875,101949.9921875,101949.9921875,2066-05-01
617,101683.375,101683.375,101683.375,2066-06-01
618,101827.875,101827.875,101827.875,2066-07-01
619,101766.109375,101766.109375,101766.109375,2066-08-01
620,102438.9921875,102438.9921875,102438.9921875,2066-09-01
621,102104.7265625,102104.7265625,102104.7265625,2066-10-01
622,101651.2734375,101651.2734375,101651.2734375,2066-11-01
623,101756.9140625,101756.9140625,101756.9140625,2066-12-01
624,102818.703125,102818.703125,102818.703125,2067-01-01
625,102484.59375,102484.59375,102484.59375,2067-02-01
626,101979.953125,101979.953125,101979.953125,2067-03-01
627,101183.5625,101183.5625,101183.5625,2067-04-01
628,101530.421875,101530.421875,101530.421875,2067-05-01
629,101590.140625,101590.140625,101590.140625,2067-06-01
630,101674.9375,101674.9375,101674.9375,2067-07-01
631,101881.0390625,101881.0390625,101881.0390625,2067-08-01
632,101914.7265625,101914.7265625,101914.7265625,2067-09-01
633,102044.9765625,102044.9765625,102044.9765625,2067-10-01
634,101942.3671875,101942.3671875,101942.3671875,2067-11-01
635,101769.34375,101769.34375,101769.34375,2067-12-01
636,102478.671875,102478.671875,102478.671875,2068-01-01
637,102103.5078125,102103.5078125,102103.5078125,2068-02-01
638,101124.4921875,101124.4921875,101124.4921875,2068-03-01
639,101572.5625,101572.5625,101572.5625,2068-04-01
640,101625.7265625,101625.7265625,101625.7265625,2068-05-01
641,101644.03125,101644.03125,101644.03125,2068-06-01
642,101720.7109375,101720.7109375,101720.7109375,2068-07-01
643,101780.78125,101780.78125,101780.78125,2068-08-01
644,101616.8359375,101616.8359375,101616.8359375,2068-09-01
645,101609.109375,101609.109375,101609.109375,2068-10-01
646,101655.8828125,101655.8828125,101655.8828125,2068-11-01
647,102146.96875,102146.96875,102146.96875,2068-12-01
648,102555.515625,102555.515625,102555.515625,2069-01-01
649,102284.703125,102284.703125,102284.703125,2069-02-01
650,102081.59375,102081.59375,102081.59375,2069-03-01
651,101883.875,101883.875,101883.875,2069-04-01
652,101719.6796875,101719.6796875,101719.6796875,2069-05-01
653,101371.953125,101371.953125,101371.953125,2069-06-01
654,101675.8359375,101675.8359375,101675.8359375,2069-07-01
655,101962.65625,101962.65625,101962.65625,2069-08-01
656,102051.0703125,102051.0703125,102051.0703125,2069-09-01
657,101952.3828125,101952.3828125,101952.3828125,2069-10-01
658,101071.046875,101071.046875,101071.046875,2069-11-01
659,101297.2109375,101297.2109375,101297.2109375,2069-12-01
660,102573.09375,102573.09375,102573.09375,2070-01-01
661,100627.3828125,100627.3828125,100627.3828125,2070-02-01
662,101433.578125,101433.578125,101433.578125,2070-03-01
663,101607.1171875,101607.1171875,101607.1171875,2070-04-01
664,101342.3203125,101342.3203125,101342.3203125,2070-05-01
665,101692.21875,101692.21875,101692.21875,2070-06-01
666,102078.4921875,102078.4921875,102078.4921875,2070-07-01
667,101921.203125,101921.203125,101921.203125,2070-08-01
668,102081.5,102081.5,102081.5,2070-09-01
669,101905.828125,101905.828125,101905.828125,2070-10-01
670,101924.09375,101924.09375,101924.09375,2070-11-01
671,101517.9921875,101517.9921875,101517.9921875,2070-12-01
672,101008.53125,101008.53125,101008.53125,2071-01-01
673,101462.75,101462.75,101462.75,2071-02-01
674,101853.8203125,101853.8203125,101853.8203125,2071-03-01
675,101930.5390625,101930.5390625,101930.5390625,2071-04-01
676,101413.7578125,101413.7578125,101413.7578125,2071-05-01
677,101688.9765625,101688.9765625,101688.9765625,2071-06-01
678,101748.7109375,101748.7109375,101748.7109375,2071-07-01
679,101886.7421875,101886.7421875,101886.7421875,2071-08-01
680,102197.9765625,102197.9765625,102197.9765625,2071-09-01
681,101808.921875,101808.921875,101808.921875,2071-10-01
682,102755.734375,102755.734375,102755.734375,2071-11-01
683,102410.2421875,102410.2421875,102410.2421875,2071-12-01
684,101450.28125,101450.28125,101450.28125,2072-01-01
685,101870.96875,101870.96875,101870.96875,2072-02-01
686,102306.7734375,102306.7734375,102306.7734375,2072-03-01
687,101484.8671875,101484.8671875,101484.8671875,2072-04-01
688,101675.671875,101675.671875,101675.671875,2072-05-01
689,101034.75,101034.75,101034.75,2072-06-01
690,101536.4765625,101536.4765625,101536.4765625,2072-07-01
691,102022.6875,102022.6875,102022.6875,2072-08-01
692,101274.328125,101274.328125,101274.328125,2072-09-01
693,102319.1015625,102319.1015625,102319.1015625,2072-10-01
694,101714.859375,101714.859375,101714.859375,2072-11-01
695,102145.7890625,102145.7890625,102145.7890625,2072-12-01
696,102802.7265625,102802.7265625,102802.7265625,2073-01-01
697,101559.765625,101559.765625,101559.765625,2073-02-01
698,100769.7265625,100769.7265625,100769.7265625,2073-03-01
699,101566.25,101566.25,101566.25,2073-04-01
700,101149.3515625,101149.3515625,101149.3515625,2073-05-01
701,101380.25,101380.25,101380.25,2073-06-01
702,101738.8671875,101738.8671875,101738.8671875,2073-07-01
703,101869.859375,101869.859375,101869.859375,2073-08-01
704,101599.7890625,101599.7890625,101599.7890625,2073-09-01
705,101279.953125,101279.953125,101279.953125,2073-10-01
706,101082.5703125,101082.5703125,101082.5703125,2073-11-01
707,100715.6640625,100715.6640625,100715.6640625,2073-12-01
708,101026.3046875,101026.3046875,101026.3046875,2074-01-01
709,100519.0546875,100519.0546875,100519.0546875,2074-02-01
710,101479.15625,101479.15625,101479.15625,2074-03-01
711,101194.546875,101194.546875,101194.546875,2074-04-01
712,100731.15625,100731.15625,100731.15625,2074-05-01
713,101804.796875,101804.796875,101804.796875,2074-06-01
714,101908.8203125,101908.8203125,101908.8203125,2074-07-01
715,101892.7109375,101892.7109375,101892.7109375,2074-08-01
716,102047.9609375,102047.9609375,102047.9609375,2074-09-01
717,101784.1875,101784.1875,101784.1875,2074-10-01
718,101902.3515625,101902.3515625,101902.3515625,2074-11-01
719,101876.5078125,101876.5078125,101876.5078125,2074-12-01
720,101699.015625,101699.015625,101699.015625,2075-01-01
721,101050.15625,101050.15625,101050.15625,2075-02-01
722,100087.6328125,100087.6328125,100087.6328125,2075-03-01
723,101242.578125,101242.578125,101242.578125,2075-04-01
724,101815.1640625,101815.1640625,101815.1640625,2075-05-01
725,101365.0,101365.0,101365.0,2075-06-01
726,102086.21875,102086.21875,102086.21875,2075-07-01
727,101743.8125,101743.8125,101743.8125,2075-08-01
728,101623.9453125,101623.9453125,101623.9453125,2075-09-01
729,101436.28125,101436.28125,101436.28125,2075-10-01
730,101036.421875,101036.421875,101036.421875,2075-11-01
731,100458.8359375,100458.8359375,100458.8359375,2075-12-01
732,101872.140625,101872.140625,101872.140625,2076-01-01
733,101357.0078125,101357.0078125,101357.0078125,2076-02-01
734,100454.15625,100454.15625,100454.15625,2076-03-01
735,100879.046875,100879.046875,100879.046875,2076-04-01
736,100847.640625,100847.640625,100847.640625,2076-05-01
737,101720.8125,101720.8125,101720.8125,2076-06-01
738,101937.859375,101937.859375,101937.859375,2076-07-01
739,101964.7734375,101964.7734375,101964.7734375,2076-08-01
740,101654.9921875,101654.9921875,101654.9921875,2076-09-01
741,101374.53125,101374.53125,101374.53125,2076-10-01
742,101680.046875,101680.046875,101680.046875,2076-11-01
743,102407.1796875,102407.1796875,102407.1796875,2076-12-01
744,101442.265625,101442.265625,101442.265625,2077-01-01
745,101373.90625,101373.90625,101373.90625,2077-02-01
746,101732.8515625,101732.8515625,101732.8515625,2077-03-01
747,101889.0546875,101889.0546875,101889.0546875,2077-04-01
748,102103.796875,102103.796875,102103.796875,2077-05-01
749,101492.0625,101492.0625,101492.0625,2077-06-01
750,101768.6875,101768.6875,101768.6875,2077-07-01
751,101789.0546875,101789.0546875,101789.0546875,2077-08-01
752,101978.5859375,101978.5859375,101978.5859375,2077-09-01
753,102074.8828125,102074.8828125,102074.8828125,2077-10-01
754,101431.7109375,101431.7109375,101431.7109375,2077-11-01
755,101818.109375,101818.109375,101818.109375,2077-12-01
756,102243.6015625,102243.6015625,102243.6015625,2078-01-01
757,101555.125,101555.125,101555.125,2078-02-01
758,101813.4765625,101813.4765625,101813.4765625,2078-03-01
759,101284.28125,101284.28125,101284.28125,2078-04-01
760,102047.0546875,102047.0546875,102047.0546875,2078-05-01
761,101400.7265625,101400.7265625,101400.7265625,2078-06-01
762,101534.6640625,101534.6640625,101534.6640625,2078-07-01
763,101859.59375,101859.59375,101859.59375,2078-08-01
764,101912.21875,101912.21875,101912.21875,2078-09-01
765,101831.28125,101831.28125,101831.28125,2078-10-01
766,100453.3828125,100453.3828125,100453.3828125,2078-11-01
767,101692.671875,101692.671875,101692.671875,2078-12-01
768,102197.65625,102197.65625,102197.65625,2079-01-01
769,101939.4453125,101939.4453125,101939.4453125,2079-02-01
770,101200.09375,101200.09375,101200.09375,2079-03-01
771,101373.0625,101373.0625,101373.0625,2079-04-01
772,101269.21875,101269.21875,101269.21875,2079-05-01
773,101734.65625,101734.65625,101734.65625,2079-06-01
774,101831.8046875,101831.8046875,101831.8046875,2079-07-01
775,101796.8515625,101796.8515625,101796.8515625,2079-08-01
776,102078.8125,102078.8125,102078.8125,2079-09-01
777,101445.0703125,101445.0703125,101445.0703125,2079-10-01
778,101281.2109375,101281.2109375,101281.2109375,2079-11-01
779,101460.90625,101460.90625,101460.90625,2079-12-01
780,102157.3125,102157.3125,102157.3125,2080-01-01
781,102054.328125,102054.328125,102054.328125,2080-02-01
782,102771.328125,102771.328125,102771.328125,2080-03-01
783,101567.21875,101567.21875,101567.21875,2080-04-01
784,101419.09375,101419.09375,101419.09375,2080-05-01
785,101878.140625,101878.140625,101878.140625,2080-06-01
786,101825.734375,101825.734375,101825.734375,2080-07-01
787,101699.40625,101699.40625,101699.40625,2080-08-01
788,101820.8515625,101820.8515625,101820.8515625,2080-09-01
789,102188.6640625,102188.6640625,102188.6640625,2080-10-01
790,101699.375,101699.375,101699.375,2080-11-01
791,101175.9921875,101175.9921875,101175.9921875,2080-12-01
792,100316.84375,100316.84375,100316.84375,2081-01-01
793,101221.8125,101221.8125,101221.8125,2081-02-01
794,100910.546875,100910.546875,100910.546875,2081-03-01
795,101375.3984375,101375.3984375,101375.3984375,2081-04-01
796,101200.484375,101200.484375,101200.484375,2081-05-01
797,101677.1484375,101677.1484375,101677.1484375,2081-06-01
798,101840.6171875,101840.6171875,101840.6171875,2081-07-01
799,101794.265625,101794.265625,101794.265625,2081-08-01
800,102326.8125,102326.8125,102326.8125,2081-09-01
801,101899.09375,101899.09375,101899.09375,2081-10-01
802,102649.8046875,102649.8046875,102649.8046875,2081-11-01
803,101392.0390625,101392.0390625,101392.0390625,2081-12-01
804,101807.78125,101807.78125,101807.78125,2082-01-01
805,101692.3203125,101692.3203125,101692.3203125,2082-02-01
806,102155.6328125,102155.6328125,102155.6328125,2082-03-01
807,101019.4765625,101019.4765625,101019.4765625,2082-04-01
808,101568.953125,101568.953125,101568.953125,2082-05-01
809,101299.7109375,101299.7109375,101299.7109375,2082-06-01
810,101633.0546875,101633.0546875,101633.0546875,2082-07-01
811,101778.6328125,101778.6328125,101778.6328125,2082-08-01
812,102016.6328125,102016.6328125,102016.6328125,2082-09-01
813,101947.3515625,101947.3515625,101947.3515625,2082-10-01
814,101890.34375,101890.34375,101890.34375,2082-11-01
815,102635.40625,102635.40625,102635.40625,2082-12-01
816,101902.9375,101902.9375,101902.9375,2083-01-01
817,100831.6953125,100831.6953125,100831.6953125,2083-02-01
818,100669.203125,100669.203125,100669.203125,2083-03-01
819,101007.03125,101007.03125,101007.03125,2083-04-01
820,101765.7421875,101765.7421875,101765.7421875,2083-05-01
821,101681.8828125,101681.8828125,101681.8828125,2083-06-01
822,101865.328125,101865.328125,101865.328125,2083-07-01
823,101924.609375,101924.609375,101924.609375,2083-08-01
824,101702.609375,101702.609375,101702.609375,2083-09-01
825,101592.5859375,101592.5859375,101592.5859375,2083-10-01
826,101059.9921875,101059.9921875,101059.9921875,2083-11-01
827,101086.5390625,101086.5390625,101086.5390625,2083-12-01
828,102208.734375,102208.734375,102208.734375,2084-01-01
829,102120.1015625,102120.1015625,102120.1015625,2084-02-01
830,102007.5546875,102007.5546875,102007.5546875,2084-03-01
831,101082.921875,101082.921875,101082.921875,2084-04-01
832,101370.6796875,101370.6796875,101370.6796875,2084-05-01
833,101847.40625,101847.40625,101847.40625,2084-06-01
834,101602.8828125,101602.8828125,101602.8828125,2084-07-01
835,101956.265625,101956.265625,101956.265625,2084-08-01
836,101999.3984375,101999.3984375,101999.3984375,2084-09-01
837,101496.171875,101496.171875,101496.171875,2084-10-01
838,100892.8125,100892.8125,100892.8125,2084-11-01
839,101549.0546875,101549.0546875,101549.0546875,2084-12-01
840,101861.4296875,101861.4296875,101861.4296875,2085-01-01
841,101511.84375,101511.84375,101511.84375,2085-02-01
842,102681.96875,102681.96875,102681.96875,2085-03-01
843,101459.4921875,101459.4921875,101459.4921875,2085-04-01
844,102048.9453125,102048.9453125,102048.9453125,2085-05-01
845,101455.65625,101455.65625,101455.65625,2085-06-01
846,101916.296875,101916.296875,101916.296875,2085-07-01
847,101890.2421875,101890.2421875,101890.2421875,2085-08-01
848,101936.3359375,101936.3359375,101936.3359375,2085-09-01
849,102058.765625,102058.765625,102058.765625,2085-10-01
850,100929.453125,100929.453125,100929.453125,2085-11-01
851,102361.2421875,102361.2421875,102361.2421875,2085-12-01
852,101044.6171875,101044.6171875,101044.6171875,2086-01-01
853,102199.96875,102199.96875,102199.96875,2086-02-01
854,101358.3984375,101358.3984375,101358.3984375,2086-03-01
855,101472.78125,101472.78125,101472.78125,2086-04-01
856,101463.8828125,101463.8828125,101463.8828125,2086-05-01
857,101574.28125,101574.28125,101574.28125,2086-06-01
858,101901.2734375,101901.2734375,101901.2734375,2086-07-01
859,101609.8125,101609.8125,101609.8125,2086-08-01
860,102016.8515625,102016.8515625,102016.8515625,2086-09-01
861,101536.0546875,101536.0546875,101536.0546875,2086-10-01
862,101716.453125,101716.453125,101716.453125,2086-11-01
863,100619.25,100619.25,100619.25,2086-12-01
864,101218.6953125,101218.6953125,101218.6953125,2087-01-01
865,101111.6796875,101111.6796875,101111.6796875,2087-02-01
866,101000.5234375,101000.5234375,101000.5234375,2087-03-01
867,101448.96875,101448.96875,101448.96875,2087-04-01
868,102026.03125,102026.03125,102026.03125,2087-05-01
869,101979.1328125,101979.1328125,101979.1328125,2087-06-01
870,101732.640625,101732.640625,101732.640625,2087-07-01
871,101755.15625,101755.15625,101755.15625,2087-08-01
872,102053.5078125,102053.5078125,102053.5078125,2087-09-01
873,101793.328125,101793.328125,101793.328125,2087-10-01
874,101524.640625,101524.640625,101524.640625,2087-11-01
875,102207.390625,102207.390625,102207.390625,2087-12-01
876,101712.4296875,101712.4296875,101712.4296875,2088-01-01
877,100751.0078125,100751.0078125,100751.0078125,2088-02-01
878,101493.7734375,101493.7734375,101493.7734375,2088-03-01
879,101369.6875,101369.6875,101369.6875,2088-04-01
880,101206.0859375,101206.0859375,101206.0859375,2088-05-01
881,101613.359375,101613.359375,101613.359375,2088-06-01
882,101654.6328125,101654.6328125,101654.6328125,2088-07-01
883,101755.2421875,101755.2421875,101755.2421875,2088-08-01
884,101777.4296875,101777.4296875,101777.4296875,2088-09-01
885,101811.7734375,101811.7734375,101811.7734375,2088-10-01
886,101564.8359375,101564.8359375,101564.8359375,2088-11-01
887,102071.296875,102071.296875,102071.296875,2088-12-01
888,102399.828125,102399.828125,102399.828125,2089-01-01
889,102524.0859375,102524.0859375,102524.0859375,2089-02-01
890,103014.796875,103014.796875,103014.796875,2089-03-01
891,101457.4609375,101457.4609375,101457.4609375,2089-04-01
892,101631.0625,101631.0625,101631.0625,2089-05-01
893,101496.265625,101496.265625,101496.265625,2089-06-01
894,101903.125,101903.125,101903.125,2089-07-01
895,101838.90625,101838.90625,101838.90625,2089-08-01
896,102057.8984375,102057.8984375,102057.8984375,2089-09-01
897,101700.3203125,101700.3203125,101700.3203125,2089-10-01
898,101793.375,101793.375,101793.375,2089-11-01
899,101245.6640625,101245.6640625,101245.6640625,2089-12-01
900,102476.125,102476.125,102476.125,2090-01-01
901,100025.2578125,100025.2578125,100025.2578125,2090-02-01
902,101668.453125,101668.453125,101668.453125,2090-03-01
903,101175.4296875,101175.4296875,101175.4296875,2090-04-01
904,101423.96875,101423.96875,101423.96875,2090-05-01
905,101749.40625,101749.40625,101749.40625,2090-06-01
906,101900.234375,101900.234375,101900.234375,2090-07-01
907,101750.546875,101750.546875,101750.546875,2090-08-01
908,101994.03125,101994.03125,101994.03125,2090-09-01
909,102206.9296875,102206.9296875,102206.9296875,2090-10-01
910,100990.0546875,100990.0546875,100990.0546875,2090-11-01
911,101139.3125,101139.3125,101139.3125,2090-12-01
912,101228.015625,101228.015625,101228.015625,2091-01-01
913,102663.1953125,102663.1953125,102663.1953125,2091-02-01
914,102258.1796875,102258.1796875,102258.1796875,2091-03-01
915,101256.6328125,101256.6328125,101256.6328125,2091-04-01
916,101437.6875,101437.6875,101437.6875,2091-05-01
917,101679.0625,101679.0625,101679.0625,2091-06-01
918,101803.484375,101803.484375,101803.484375,2091-07-01
919,101591.640625,101591.640625,101591.640625,2091-08-01
920,101991.765625,101991.765625,101991.765625,2091-09-01
921,101704.1015625,101704.1015625,101704.1015625,2091-10-01
922,102565.8515625,102565.8515625,102565.8515625,2091-11-01
923,102177.84375,102177.84375,102177.84375,2091-12-01
924,101150.9375,101150.9375,101150.9375,2092-01-01
925,101161.3125,101161.3125,101161.3125,2092-02-01
926,101661.2890625,101661.2890625,101661.2890625,2092-03-01
927,101675.03125,101675.03125,101675.03125,2092-04-01
928,101352.0546875,101352.0546875,101352.0546875,2092-05-01
929,101475.703125,101475.703125,101475.703125,2092-06-01
930,101926.7265625,101926.7265625,101926.7265625,2092-07-01
931,101722.8671875,101722.8671875,101722.8671875,2092-08-01
932,101778.4609375,101778.4609375,101778.4609375,2092-09-01
933,101876.6171875,101876.6171875,101876.6171875,2092-10-01
934,101803.484375,101803.484375,101803.484375,2092-11-01
935,100827.9453125,100827.9453125,100827.9453125,2092-12-01
936,102240.3359375,102240.3359375,102240.3359375,2093-01-01
937,101537.15625,101537.15625,101537.15625,2093-02-01
938,101441.078125,101441.078125,101441.078125,2093-03-01
939,102003.28125,102003.28125,102003.28125,2093-04-01
940,101682.5234375,101682.5234375,101682.5234375,2093-05-01
941,101965.1875,101965.1875,101965.1875,2093-06-01
942,101828.0859375,101828.0859375,101828.0859375,2093-07-01
943,101970.359375,101970.359375,101970.359375,2093-08-01
944,102145.609375,102145.609375,102145.609375,2093-09-01
945,101717.0859375,101717.0859375,101717.0859375,2093-10-01
946,102447.1640625,102447.1640625,102447.1640625,2093-11-01
947,102053.359375,102053.359375,102053.359375,2093-12-01
948,100761.5,100761.5,100761.5,2094-01-01
949,103042.71875,103042.71875,103042.71875,2094-02-01
950,102018.796875,102018.796875,102018.796875,2094-03-01
951,101567.578125,101567.578125,101567.578125,2094-04-01
952,101474.8046875,101474.8046875,101474.8046875,2094-05-01
953,101550.2890625,101550.2890625,101550.2890625,2094-06-01
954,101664.4453125,101664.4453125,101664.4453125,2094-07-01
955,101876.5078125,101876.5078125,101876.5078125,2094-08-01
956,101938.7734375,101938.7734375,101938.7734375,2094-09-01
957,101978.203125,101978.203125,101978.203125,2094-10-01
958,101335.7421875,101335.7421875,101335.7421875,2094-11-01
959,100887.8671875,100887.8671875,100887.8671875,2094-12-01
960,101540.8984375,101540.8984375,101540.8984375,2095-01-01
961,101490.7578125,101490.7578125,101490.7578125,2095-02-01
962,101799.8125,101799.8125,101799.8125,2095-03-01
963,101542.375,101542.375,101542.375,2095-04-01
964,101386.6640625,101386.6640625,101386.6640625,2095-05-01
965,101460.875,101460.875,101460.875,2095-06-01
966,101561.90625,101561.90625,101561.90625,2095-07-01
967,101680.09375,101680.09375,101680.09375,2095-08-01
968,101829.21875,101829.21875,101829.21875,2095-09-01
969,101588.0625,101588.0625,101588.0625,2095-10-01
970,101538.0,101538.0,101538.0,2095-11-01
971,100514.921875,100514.921875,100514.921875,2095-12-01
972,102283.6484375,102283.6484375,102283.6484375,2096-01-01
973,102209.5234375,102209.5234375,102209.5234375,2096-02-01
974,101822.40625,101822.40625,101822.40625,2096-03-01
975,102046.375,102046.375,102046.375,2096-04-01
976,101458.5703125,101458.5703125,101458.5703125,2096-05-01
977,101428.7109375,101428.7109375,101428.7109375,2096-06-01
978,101788.9921875,101788.9921875,101788.9921875,2096-07-01
979,101667.765625,101667.765625,101667.765625,2096-08-01
980,101756.828125,101756.828125,101756.828125,2096-09-01
981,101266.8984375,101266.8984375,101266.8984375,2096-10-01
982,101487.8359375,101487.8359375,101487.8359375,2096-11-01
983,101121.953125,101121.953125,101121.953125,2096-12-01
984,101015.4765625,101015.4765625,101015.4765625,2097-01-01
985,101659.1484375,101659.1484375,101659.1484375,2097-02-01
986,102346.4921875,102346.4921875,102346.4921875,2097-03-01
987,101917.2734375,101917.2734375,101917.2734375,2097-04-01
988,101636.5546875,101636.5546875,101636.5546875,2097-05-01
989,101758.6640625,101758.6640625,101758.6640625,2097-06-01
990,101426.3203125,101426.3203125,101426.3203125,2097-07-01
991,101725.03125,101725.03125,101725.03125,2097-08-01
992,101982.78125,101982.78125,101982.78125,2097-09-01
993,101517.7421875,101517.7421875,101517.7421875,2097-10-01
994,100672.609375,100672.609375,100672.609375,2097-11-01
995,100725.2890625,100725.2890625,100725.2890625,2097-12-01
996,101289.9296875,101289.9296875,101289.9296875,2098-01-01
997,100825.4765625,100825.4765625,100825.4765625,2098-02-01
998,101936.390625,101936.390625,101936.390625,2098-03-01
999,100871.9296875,100871.9296875,100871.9296875,2098-04-01
1000,101741.9296875,101741.9296875,101741.9296875,2098-05-01
1001,101734.1484375,101734.1484375,101734.1484375,2098-06-01
1002,101507.5859375,101507.5859375,101507.5859375,2098-07-01
1003,101860.7265625,101860.7265625,101860.7265625,2098-08-01
1004,101734.609375,101734.609375,101734.609375,2098-09-01
1005,102350.625,102350.625,102350.625,2098-10-01
1006,101283.6953125,101283.6953125,101283.6953125,2098-11-01
1007,100636.515625,100636.515625,100636.515625,2098-12-01
1008,100829.734375,100829.734375,100829.734375,2099-01-01
1009,101725.9140625,101725.9140625,101725.9140625,2099-02-01
1010,101351.6953125,101351.6953125,101351.6953125,2099-03-01
1011,101694.6640625,101694.6640625,101694.6640625,2099-04-01
1012,101416.875,101416.875,101416.875,2099-05-01
1013,101895.578125,101895.578125,101895.578125,2099-06-01
1014,101418.4765625,101418.4765625,101418.4765625,2099-07-01
1015,102078.265625,102078.265625,102078.265625,2099-08-01
1016,101964.203125,101964.203125,101964.203125,2099-09-01
1017,102184.6328125,102184.6328125,102184.6328125,2099-10-01
1018,101466.9140625,101466.9140625,101466.9140625,2099-11-01
1019,101690.109375,101690.109375,101690.109375,2099-12-01
1020,102051.0546875,102051.0546875,102051.0546875,2100-01-01
1021,102658.7890625,102658.7890625,102658.7890625,2100-02-01
1022,101384.2421875,101384.2421875,101384.2421875,2100-03-01
1023,101355.9375,101355.9375,101355.9375,2100-04-01
1024,100963.25,100963.25,100963.25,2100-05-01
1025,101979.0625,101979.0625,101979.0625,2100-06-01
1026,101773.5,101773.5,101773.5,2100-07-01
1027,101580.65625,101580.65625,101580.65625,2100-08-01
1028,102131.390625,102131.390625,102131.390625,2100-09-01
1029,102049.09375,102049.09375,102049.09375,2100-10-01
1030,102281.0,102281.0,102281.0,2100-11-01
1031,102160.4921875,102160.4921875,102160.4921875,2100-12-01
