uas_hist,vas_hist,uas_fut,vas_fut,date_hist,date_fut
1.855887771,1.211321056,2.765148044,3.067482948,1980-01-01,2020-01-01
2.831350803,1.187275678,2.188755035,1.731346309,1980-02-01,2020-02-01
2.261431336,1.298506021,1.518523633,-0.285708517,1980-03-01,2020-03-01
0.335282132,0.814715385,0.955227911,-0.859000176,1980-04-01,2020-04-01
0.347399086,-0.437998898,0.491008371,-0.927582864,1980-05-01,2020-05-01
1.362135708,-0.727734298,1.12837714,-0.484836407,1980-06-01,2020-06-01
1.000314891,-1.242646575,0.300018266,-1.050671339,1980-07-01,2020-07-01
2.396943569,-0.12421415,1.282647908,-1.119570732,1980-08-01,2020-08-01
1.356162131,0.988904893,1.398836792,0.127329066,1980-09-01,2020-09-01
0.306205496,0.419415787,2.20225203,1.529601276,1980-10-01,2020-10-01
2.851015329,1.803895086,0.408954352,1.963682175,1980-11-01,2020-11-01
1.010575622,2.468016863,1.611864448,3.059262633,1980-12-01,2020-12-01
1.495203733,2.247163534,2.12952435,4.193712473,1981-01-01,2021-01-01
2.011602789,2.506213903,2.29385078,1.523808356,1981-02-01,2021-02-01
-0.626970366,-0.82416787,1.864501715,0.777415305,1981-03-01,2021-03-01
0.692238897,-1.019018978,1.009827554,0.381900668,1981-04-01,2021-04-01
0.093377315,0.200714856,1.105836481,0.734308928,1981-05-01,2021-05-01
0.250963588,-0.806843281,-0.541725799,-1.12844938,1981-06-01,2021-06-01
0.197468653,-0.929648519,0.573333755,-1.008523822,1981-07-01,2021-07-01
0.752175316,-0.55040317,2.018592,-0.583063066,1981-08-01,2021-08-01
0.318257123,0.264710575,0.344287753,-0.906202137,1981-09-01,2021-09-01
2.679993749,1.626319766,1.622881055,0.682259515,1981-10-01,2021-10-01
1.93732053,0.988273025,2.53194654,1.925084949,1981-11-01,2021-11-01
0.793507457,1.65940702,3.135089755,2.777210474,1981-12-01,2021-12-01
3.960995317,1.73282662,1.434816658,1.311173726,1982-01-01,2022-01-01
2.861587167,2.020708263,-0.456723891,0.915162444,1982-02-01,2022-02-01
0.47527796,-0.407150209,1.35781014,0.960935473,1982-03-01,2022-03-01
-0.16225107,-0.661869168,1.690742046,0.474095508,1982-04-01,2022-04-01
0.463179037,-1.06881088,0.429455131,-0.231580585,1982-05-01,2022-05-01
1.694265187,0.075365156,0.767848492,-1.65444082,1982-06-01,2022-06-01
1.231522173,-1.12692529,-0.29137446,-1.720298707,1982-07-01,2022-07-01
0.812279701,-0.722659618,1.126946867,-0.509023599,1982-08-01,2022-08-01
0.29033326,-0.269896228,1.496474326,0.421484292,1982-09-01,2022-09-01
2.080784142,1.861741304,-0.027724121,-0.31626904,1982-10-01,2022-10-01
1.54381752,1.547706246,0.303565204,0.906050563,1982-11-01,2022-11-01
2.566396236,3.01693368,1.527501762,3.447316051,1982-12-01,2022-12-01
2.74363637,2.441005468,1.755949259,2.181592822,1983-01-01,2023-01-01
1.920710742,1.236074567,2.157852292,0.836820841,1983-02-01,2023-02-01
1.141033769,0.451636091,1.787072062,1.85171175,1983-03-01,2023-03-01
0.502160102,0.988122404,0.841424465,-0.145228358,1983-04-01,2023-04-01
1.157802045,0.410440803,-0.786140084,-1.337582111,1983-05-01,2023-05-01
0.836708903,-0.024285927,1.052520126,-0.096071299,1983-06-01,2023-06-01
1.459132433,-0.226857792,0.058227621,-1.289305687,1983-07-01,2023-07-01
0.47585851,-0.481550425,1.519102007,-1.131512523,1983-08-01,2023-08-01
0.686610639,0.576234672,-0.005719244,-0.735374093,1983-09-01,2023-09-01
-0.333065793,1.180617794,1.143337309,1.321556717,1983-10-01,2023-10-01
1.625621974,1.847386599,1.829369783,0.460076883,1983-11-01,2023-11-01
1.797629148,2.124277771,2.657058954,3.113778114,1983-12-01,2023-12-01
-0.705803428,1.478916168,2.862246513,2.700743556,1984-01-01,2024-01-01
0.481096521,2.94252491,0.81682393,1.788737208,1984-02-01,2024-02-01
0.653349102,-0.11053592,1.459488053,0.015633225,1984-03-01,2024-03-01
2.0947752,0.215289205,1.965639949,0.615368187,1984-04-01,2024-04-01
0.21149233,-1.465830028,0.373859577,-0.845155954,1984-05-01,2024-05-01
0.990318517,-0.360009916,0.519096941,-0.552444525,1984-06-01,2024-06-01
0.382741928,-0.601668045,0.954081893,-0.177485589,1984-07-01,2024-07-01
0.649925843,-1.056435913,0.84547776,-1.18913731,1984-08-01,2024-08-01
0.84482637,-0.152092114,1.428005934,0.163821757,1984-09-01,2024-09-01
1.216043711,1.840974987,1.174049556,0.91975528,1984-10-01,2024-10-01
1.023106068,1.926678896,2.155484438,2.110735595,1984-11-01,2024-11-01
1.156377614,3.132096291,2.197537363,2.042597711,1984-12-01,2024-12-01
2.699048162,2.059624553,2.295666933,1.404872715,1985-01-01,2025-01-01
1.351897135,1.513424844,0.651854068,2.090155005,1985-02-01,2025-02-01
0.774256766,-0.142229199,-0.032933384,-0.118868546,1985-03-01,2025-03-01
1.996379614,0.419478312,0.537694827,0.467121705,1985-04-01,2025-04-01
0.207982119,-0.569494367,1.515573323,0.486788735,1985-05-01,2025-05-01
0.754585162,0.570390314,1.085271016,-0.008150582,1985-06-01,2025-06-01
1.20675794,-0.812560484,-0.069991708,-1.892842531,1985-07-01,2025-07-01
1.605527043,-0.206603806,1.264281392,-0.649404109,1985-08-01,2025-08-01
1.765306115,-0.736293882,1.399629951,0.250217825,1985-09-01,2025-09-01
0.327904105,0.179090887,1.513665587,1.063924074,1985-10-01,2025-10-01
1.961342096,2.336456895,3.211934924,2.043774605,1985-11-01,2025-11-01
2.386997581,2.464073062,3.176859975,2.538368702,1985-12-01,2025-12-01
2.160019636,1.80903393,1.716746449,1.891516864,1986-01-01,2026-01-01
1.483320355,1.106749076,3.138082385,1.830077529,1986-02-01,2026-02-01
-0.80942747,0.408908427,1.443935454,0.641528487,1986-03-01,2026-03-01
0.522280653,0.375409365,1.257295579,-0.774719417,1986-04-01,2026-04-01
0.554783672,-0.496537313,0.581394076,-0.489657834,1986-05-01,2026-05-01
0.474785149,-0.43539916,1.417456269,-0.791805923,1986-06-01,2026-06-01
1.804038405,-0.826862611,0.81023477,-1.23386687,1986-07-01,2026-07-01
1.264237404,-0.039914213,0.544494092,-1.240644097,1986-08-01,2026-08-01
1.912270218,0.012664616,1.148508132,-0.228586383,1986-09-01,2026-09-01
0.472681969,1.868013382,1.07192111,1.46071434,1986-10-01,2026-10-01
1.47840488,1.391552299,0.625462204,2.122087479,1986-11-01,2026-11-01
0.685026318,0.3621139,3.245124817,1.112993598,1986-12-01,2026-12-01
2.001440346,1.650739908,2.378613472,0.846568219,1987-01-01,2027-01-01
2.484823704,0.540648099,0.537780926,-0.403729829,1987-02-01,2027-02-01
-0.077572271,0.733729303,1.965014577,1.809249401,1987-03-01,2027-03-01
1.580600441,0.495883942,0.416038014,-0.541400969,1987-04-01,2027-04-01
1.674647868,-0.743981764,0.996910393,-0.318287829,1987-05-01,2027-05-01
-0.110418327,-0.791509211,0.379786327,-1.726172447,1987-06-01,2027-06-01
0.487686411,-0.676075518,0.668920144,-0.999419302,1987-07-01,2027-07-01
0.446361035,-0.738333941,1.080924898,-0.938782811,1987-08-01,2027-08-01
1.017960533,-0.201276951,0.378638878,-0.260157187,1987-09-01,2027-09-01
0.725839913,1.61617285,-0.346171558,0.369501054,1987-10-01,2027-10-01
2.682907581,1.899803996,2.353831053,1.724056423,1987-11-01,2027-11-01
1.702379525,0.406463861,1.329551339,1.775734901,1987-12-01,2027-12-01
2.468049765,-0.10575445,2.416310906,1.610776722,1988-01-01,2028-01-01
2.510974169,1.690513372,2.029818088,3.339502454,1988-02-01,2028-02-01
1.132475182,0.808969617,1.696220487,2.180933595,1988-03-01,2028-03-01
-0.253714439,-0.620923758,0.672238655,0.267393462,1988-04-01,2028-04-01
0.345454432,0.675378591,-0.132977635,-0.755709246,1988-05-01,2028-05-01
1.574860752,-0.604075745,0.641199052,-1.086526453,1988-06-01,2028-06-01
1.841637731,-1.198457301,0.694695175,-0.240600511,1988-07-01,2028-07-01
0.464825362,-1.150995493,0.632261828,-1.971573472,1988-08-01,2028-08-01
-0.014146641,0.438180808,0.436203122,-0.595274001,1988-09-01,2028-09-01
2.578656197,1.387586623,1.56472683,0.950730979,1988-10-01,2028-10-01
2.62250483,2.116125703,1.184743568,0.247253597,1988-11-01,2028-11-01
0.30879122,1.162352215,3.199602842,2.022521973,1988-12-01,2028-12-01
2.69558692,2.465167582,1.063201368,1.767910004,1989-01-01,2029-01-01
1.529150292,0.980841607,0.870531857,1.138840854,1989-02-01,2029-02-01
2.527949512,0.06120953,2.841303945,-0.043195844,1989-03-01,2029-03-01
1.804651797,0.612079859,1.040400971,-0.694881812,1989-04-01,2029-04-01
0.747869688,-0.035974905,1.88561666,-0.721015573,1989-05-01,2029-05-01
-0.242972732,-0.421536386,1.341763258,-0.254516363,1989-06-01,2029-06-01
0.769954085,-0.552344143,0.97604388,-0.736931607,1989-07-01,2029-07-01
1.567923248,-0.561213017,1.419476628,-0.537852854,1989-08-01,2029-08-01
1.389633,0.576777831,1.131383419,0.782694459,1989-09-01,2029-09-01
1.142140239,1.39737916,1.339903593,0.519658536,1989-10-01,2029-10-01
0.725103796,2.421066165,2.57444489,2.073347569,1989-11-01,2029-11-01
2.189088345,2.982668519,1.092969239,1.117433846,1989-12-01,2029-12-01
3.095006585,3.468523264,2.509903073,1.94692415,1990-01-01,2030-01-01
4.287895203,2.409391999,2.43562901,0.087348878,1990-02-01,2030-02-01
2.423273087,1.996653438,2.479782373,0.887502432,1990-03-01,2030-03-01
1.100080371,0.086146355,2.505335391,-0.523149967,1990-04-01,2030-04-01
2.699488759,0.170664497,-0.263864428,-0.467345111,1990-05-01,2030-05-01
1.771201611,-0.247473426,0.725890666,-1.24435401,1990-06-01,2030-06-01
0.644103646,-1.485536635,1.112253606,-0.814899608,1990-07-01,2030-07-01
1.388372272,-0.23586477,0.502916053,-1.352392554,1990-08-01,2030-08-01
0.051335528,0.346378863,0.893250152,0.068996785,1990-09-01,2030-09-01
1.809202939,0.340400189,1.435648263,0.898787677,1990-10-01,2030-10-01
1.940693289,1.79077825,1.282631889,2.598875046,1990-11-01,2030-11-01
1.718592227,1.929707944,1.509867683,1.304172672,1990-12-01,2030-12-01
2.260016084,3.16364634,3.813441038,2.529533625,1991-01-01,2031-01-01
0.624241646,1.201181799,1.232127309,0.690671146,1991-02-01,2031-02-01
1.065481901,1.156376985,1.641014457,0.04550457,1991-03-01,2031-03-01
1.213776469,0.130151689,0.015609771,1.111353934,1991-04-01,2031-04-01
1.077260256,0.497682028,0.277884794,-0.908886433,1991-05-01,2031-05-01
1.225963354,0.058539242,1.211596638,-1.105170965,1991-06-01,2031-06-01
1.192293227,-0.514343917,1.283962458,-0.808753103,1991-07-01,2031-07-01
1.185150474,-1.050009549,0.589695372,-1.265722096,1991-08-01,2031-08-01
0.640506029,-0.074386299,-0.864866793,-0.247042775,1991-09-01,2031-09-01
1.67571795,0.95089443,1.624036193,0.105154514,1991-10-01,2031-10-01
0.435831815,0.616554767,2.58558774,1.11170727,1991-11-01,2031-11-01
2.927075148,1.225660697,2.147277474,2.934594989,1991-12-01,2031-12-01
2.112034857,2.152893901,2.914467573,3.076922536,1992-01-01,2032-01-01
1.94544667,1.807376623,3.160290122,1.429354608,1992-02-01,2032-02-01
0.9834463,-0.410115108,3.084310651,0.211775512,1992-03-01,2032-03-01
1.158966184,-0.52283553,0.387227491,0.420685172,1992-04-01,2032-04-01
2.213451147,0.168354239,1.603400886,-0.660248727,1992-05-01,2032-05-01
0.790656358,0.723226041,-0.117465943,-1.824281514,1992-06-01,2032-06-01
1.875657082,-0.403729863,0.201409765,-1.287553251,1992-07-01,2032-07-01
1.445414305,-0.075752527,1.586589634,-1.000281572,1992-08-01,2032-08-01
1.466828704,0.574774835,0.009651437,0.632299811,1992-09-01,2032-09-01
0.461207926,1.013450056,0.944564223,1.175959289,1992-10-01,2032-10-01
3.021229863,1.511042193,2.887962043,2.770758152,1992-11-01,2032-11-01
2.104828,1.597011507,2.265225291,2.49630034,1992-12-01,2032-12-01
1.141576529,0.933883131,2.326227188,2.874041915,1993-01-01,2033-01-01
3.477213621,0.663533449,2.149551749,0.452439152,1993-02-01,2033-02-01
0.872819588,0.015016973,1.10989204,1.047303215,1993-03-01,2033-03-01
0.848190725,0.911050752,1.027331233,0.482627437,1993-04-01,2033-04-01
1.040600762,-0.30931358,0.903750479,0.452506267,1993-05-01,2033-05-01
0.236761387,-0.704505652,0.359389961,-1.100515485,1993-06-01,2033-06-01
0.376257781,-1.26774025,1.24243322,-1.000416517,1993-07-01,2033-07-01
1.412194252,0.577292997,1.755194068,-0.13887617,1993-08-01,2033-08-01
1.711882889,0.11034447,-0.103425175,0.038090587,1993-09-01,2033-09-01
0.627903908,1.732325971,2.183455586,0.469556525,1993-10-01,2033-10-01
3.199193716,1.360765472,1.981504023,0.584995091,1993-11-01,2033-11-01
2.967893362,2.487623572,2.096031666,0.32795912,1993-12-01,2033-12-01
2.092398763,0.49854514,2.580898881,1.835373044,1994-01-01,2034-01-01
2.789284348,0.999948815,2.137146115,0.820015967,1994-02-01,2034-02-01
1.706586897,2.19289279,0.035897091,-0.517584898,1994-03-01,2034-03-01
0.024222061,-1.323095322,0.005377173,-0.563184202,1994-04-01,2034-04-01
0.148383565,-1.854774922,1.117192864,0.301459253,1994-05-01,2034-05-01
0.5298036,0.029060602,1.199310541,-0.969354331,1994-06-01,2034-06-01
0.338143975,-1.478618741,1.202587873,-0.971076459,1994-07-01,2034-07-01
0.57837921,-0.442488022,0.58143571,-1.316358089,1994-08-01,2034-08-01
1.503568828,0.572814748,1.098990381,0.984926075,1994-09-01,2034-09-01
0.349732636,0.862218916,2.35342437,2.353014827,1994-10-01,2034-10-01
2.143434942,2.77536273,2.316130042,2.168986082,1994-11-01,2034-11-01
3.51030302,3.073869467,4.330557346,2.844671845,1994-12-01,2034-12-01
3.051124692,1.048672885,4.655335188,2.656311035,1995-01-01,2035-01-01
2.722028971,0.539936662,1.365978956,1.057189971,1995-02-01,2035-02-01
-0.154376343,0.19421351,0.687633663,1.001993477,1995-03-01,2035-03-01
0.956029415,0.268734932,0.942335904,-0.575742662,1995-04-01,2035-04-01
0.942401469,-0.495441064,1.907700419,0.396460295,1995-05-01,2035-05-01
1.641302049,-0.053753801,0.560509156,-0.565762177,1995-06-01,2035-06-01
0.045335382,-1.652342558,0.399866045,-1.390649855,1995-07-01,2035-07-01
1.443143487,-0.825216055,1.195378959,-1.136749625,1995-08-01,2035-08-01
1.388109028,0.194698662,1.509408176,0.054420702,1995-09-01,2035-09-01
0.179633573,1.458421685,0.301717043,0.696014404,1995-10-01,2035-10-01
0.858571053,1.065641642,1.133362353,1.31478247,1995-11-01,2035-11-01
2.16457963,2.585548162,3.059997082,2.619138122,1995-12-01,2035-12-01
3.243575931,1.497003555,2.710432827,2.604918838,1996-01-01,2036-01-01
0.234472601,-0.153012007,0.190631896,1.271291345,1996-02-01,2036-02-01
1.422951221,0.528022915,0.908062339,1.018422723,1996-03-01,2036-03-01
1.529029012,0.25991172,0.844256505,-0.172481157,1996-04-01,2036-04-01
1.432595581,0.071227728,-0.186261583,-1.49871701,1996-05-01,2036-05-01
0.914132066,-0.645105854,0.989791065,-0.838702455,1996-06-01,2036-06-01
1.350451291,-0.63156262,1.58848682,-0.90896225,1996-07-01,2036-07-01
1.08174625,-1.426203489,1.268747091,-0.29690513,1996-08-01,2036-08-01
0.488486364,-0.455482706,1.390672743,0.122258216,1996-09-01,2036-09-01
0.611906141,0.517046005,0.329079777,0.885016263,1996-10-01,2036-10-01
1.451509237,2.505090356,1.83963275,1.734517574,1996-11-01,2036-11-01
1.68318218,2.719429255,1.979060233,0.27978228,1996-12-01,2036-12-01
2.153767169,0.697155446,2.990951836,2.906223297,1997-01-01,2037-01-01
3.787365675,2.802932382,0.228302658,-0.054469302,1997-02-01,2037-02-01
1.337987244,1.217003256,2.181563258,2.020671785,1997-03-01,2037-03-01
2.627434015,-0.061840951,1.326984048,-0.160240173,1997-04-01,2037-04-01
1.63444519,0.813189089,0.692731291,-0.341210082,1997-05-01,2037-05-01
1.300450325,-0.332420953,1.43650189,-0.889232934,1997-06-01,2037-06-01
0.399176282,-1.632701218,1.355225086,-0.899413168,1997-07-01,2037-07-01
1.119833261,-0.404784739,1.470661283,-0.247125529,1997-08-01,2037-08-01
2.255675495,0.385437377,1.286708951,-0.983138263,1997-09-01,2037-09-01
1.070602655,1.129103541,1.564583361,1.297003925,1997-10-01,2037-10-01
1.718832672,1.9092682,2.39695859,1.697544634,1997-11-01,2037-11-01
1.38453877,0.847855806,3.432460666,3.156803131,1997-12-01,2037-12-01
3.600172281,2.31427747,2.197184145,2.373010159,1998-01-01,2038-01-01
2.495406687,1.39798829,2.442932129,0.570446745,1998-02-01,2038-02-01
3.071595311,0.453903079,2.036288381,2.113366365,1998-03-01,2038-03-01
0.549396157,0.236390322,1.722420752,1.311396897,1998-04-01,2038-04-01
1.266060472,-0.689769775,0.506904185,-0.568234563,1998-05-01,2038-05-01
1.441894174,-0.25526581,0.981756747,-0.242125109,1998-06-01,2038-06-01
-0.179016188,-1.862033129,0.850992791,-1.567266345,1998-07-01,2038-07-01
0.284127217,-1.937065005,1.599684715,-0.700937837,1998-08-01,2038-08-01
1.203513294,0.378525734,1.413819134,-0.251678977,1998-09-01,2038-09-01
0.950398326,0.475567077,1.72251159,0.597994506,1998-10-01,2038-10-01
2.054027915,0.618085623,1.477573335,2.730273962,1998-11-01,2038-11-01
1.692105353,1.97605145,2.198661685,3.414915562,1998-12-01,2038-12-01
1.762071609,2.73556751,2.016447425,2.236913204,1999-01-01,2039-01-01
3.401778102,3.14379096,1.485070884,1.722952902,1999-02-01,2039-02-01
2.791843832,0.90037784,0.978559494,0.194364876,1999-03-01,2039-03-01
0.596066654,-0.730925262,1.011922151,-0.28565833,1999-04-01,2039-04-01
0.034778692,-0.588476807,0.162542216,-0.996238038,1999-05-01,2039-05-01
0.498766512,-0.22343719,0.32065545,-0.3648514,1999-06-01,2039-06-01
0.895645559,-0.883892477,1.374476075,-0.710064273,1999-07-01,2039-07-01
0.989289284,-0.984318286,2.459359646,-0.094296552,1999-08-01,2039-08-01
0.627274334,0.249899164,1.402143896,-0.019069999,1999-09-01,2039-09-01
2.241521358,1.491568863,0.929706007,1.330119729,1999-10-01,2039-10-01
2.035783231,1.799626768,0.773983061,1.441849709,1999-11-01,2039-11-01
0.672975123,2.666315317,2.388062179,1.828114092,1999-12-01,2039-12-01
3.113580227,1.809548855,3.183899045,2.412139773,2000-01-01,2040-01-01
0.680753835,1.959838629,1.152197301,1.539711356,2000-02-01,2040-02-01
1.414969265,-0.31095475,0.333200663,1.125734001,2000-03-01,2040-03-01
0.463318352,0.297515124,2.090399623,1.09186691,2000-04-01,2040-04-01
0.889772743,0.384674739,1.14277795,0.665908374,2000-05-01,2040-05-01
0.432326388,-0.972833037,0.851349592,-0.595330983,2000-06-01,2040-06-01
1.276358187,-1.666688561,1.160525143,-0.816859692,2000-07-01,2040-07-01
1.588377059,-0.38304317,1.512264907,-0.796221945,2000-08-01,2040-08-01
1.13230738,1.011338115,1.440018684,-0.550302316,2000-09-01,2040-09-01
0.87873596,1.081672013,0.47566396,1.445269823,2000-10-01,2040-10-01
1.612838387,2.019154124,-0.164133251,1.147507787,2000-11-01,2040-11-01
2.495176375,1.895357817,0.919021964,2.477464557,2000-12-01,2040-12-01
1.595476806,1.893293679,1.970098138,2.794160485,2001-01-01,2041-01-01
3.076159835,2.155583262,0.909310758,1.727166712,2001-02-01,2041-02-01
1.893672049,0.695894837,0.472904041,0.00498867,2001-03-01,2041-03-01
2.87926054,2.134338975,-0.884901807,-1.593358576,2001-04-01,2041-04-01
0.875970185,-0.792963147,1.277909368,-0.64380914,2001-05-01,2041-05-01
1.187209308,-0.145794518,1.701049268,0.181580812,2001-06-01,2041-06-01
1.008239418,-0.384252459,0.357389681,-1.148623854,2001-07-01,2041-07-01
1.941328824,-0.221532986,0.301282659,-0.974751204,2001-08-01,2041-08-01
1.813233972,1.060453355,1.696829557,0.405429751,2001-09-01,2041-09-01
0.337416366,0.638230592,1.234590709,0.506428294,2001-10-01,2041-10-01
1.973305464,1.372931659,2.444417,1.42240268,2001-11-01,2041-11-01
1.547620058,2.533149958,1.630569458,1.570670068,2001-12-01,2041-12-01
1.727452397,1.463150859,2.036873937,1.271175295,2002-01-01,2042-01-01
2.673800647,1.587907314,0.961871743,0.801670235,2002-02-01,2042-02-01
1.810431242,0.503148019,0.614672214,1.585219443,2002-03-01,2042-03-01
1.076698095,-0.142726485,1.039251879,0.546276048,2002-04-01,2042-04-01
0.857169449,-0.527711086,1.348054171,-0.56093204,2002-05-01,2042-05-01
0.711885154,-0.139106724,0.047312975,-0.809468091,2002-06-01,2042-06-01
1.070507079,-1.290546119,0.28376806,-0.468201142,2002-07-01,2042-07-01
1.80229342,-0.267983794,0.972926378,-1.74689579,2002-08-01,2042-08-01
1.112898588,-0.487337083,1.027135491,0.226727944,2002-09-01,2042-09-01
1.074368596,0.736451626,0.837996185,1.445923299,2002-10-01,2042-10-01
3.010575652,1.368180811,2.785491467,1.750527337,2002-11-01,2042-11-01
3.050168872,2.423296571,2.089826182,1.91773504,2002-12-01,2042-12-01
1.715088427,2.269031703,0.845503286,2.404887915,2003-01-01,2043-01-01
1.348979652,0.752273127,2.603467703,1.007404283,2003-02-01,2043-02-01
2.000005186,0.578453362,2.090688348,1.753793895,2003-03-01,2043-03-01
3.194005966,0.064024866,0.224480703,-0.148526919,2003-04-01,2043-04-01
1.672636211,-0.487615488,-0.352154076,-1.701176345,2003-05-01,2043-05-01
0.149058312,-0.520313375,0.657667696,-0.749380648,2003-06-01,2043-06-01
0.68607305,-1.129476964,-0.373530835,-1.772527039,2003-07-01,2043-07-01
0.810271978,-0.78078115,0.24792695,-1.551275015,2003-08-01,2043-08-01
-0.108354189,-0.248057685,1.173201859,-0.326334164,2003-09-01,2043-09-01
-0.1222637,1.074385583,0.376585171,0.626381636,2003-10-01,2043-10-01
0.57737343,1.474507272,1.729851365,2.546741366,2003-11-01,2043-11-01
0.809151374,1.999005079,1.245100498,1.871892035,2003-12-01,2043-12-01
2.563302398,1.448124915,0.840974808,2.121736646,2004-01-01,2044-01-01
-0.415247381,2.622276664,1.081079185,2.764348269,2004-02-01,2044-02-01
1.277535103,1.280697241,2.649993539,2.397666693,2004-03-01,2044-03-01
1.304023325,-0.403716147,1.738338172,0.595607877,2004-04-01,2044-04-01
0.421016395,-1.580537736,0.325480867,-1.075398982,2004-05-01,2044-05-01
0.942904249,-0.306293458,0.744724408,-0.391757946,2004-06-01,2044-06-01
0.698816627,-0.78025651,1.426177531,-0.900551617,2004-07-01,2044-07-01
1.363211811,-0.812920734,0.502373993,-1.604321837,2004-08-01,2044-08-01
-0.205044961,-0.349083632,1.05134818,-0.669233605,2004-09-01,2044-09-01
0.574125394,1.08435595,1.330002427,0.788398724,2004-10-01,2044-10-01
1.428328559,2.048542857,2.864629149,1.423105493,2004-11-01,2044-11-01
0.90480125,2.694739103,2.700867653,1.772449479,2004-12-01,2044-12-01
2.227109432,2.214995384,-0.224429689,0.683065683,2005-01-01,2045-01-01
2.0428738,0.730779089,2.726590514,0.67859745,2005-02-01,2045-02-01
1.009318888,1.095097288,0.760547668,0.325600643,2005-03-01,2045-03-01
1.580420136,1.112339854,0.763883829,-0.226477474,2005-04-01,2045-04-01
0.420774534,-1.552734137,1.096085608,0.259720236,2005-05-01,2045-05-01
0.844232321,-0.980165154,0.50480628,-1.012368709,2005-06-01,2045-06-01
1.108913362,-0.743020549,0.312030613,-1.575193524,2005-07-01,2045-07-01
1.567372799,-0.286982797,1.34735404,-0.9132092,2005-08-01,2045-08-01
1.202298522,0.68753472,0.518211588,-0.667624705,2005-09-01,2045-09-01
0.016574003,-0.352525119,1.429602861,0.899625778,2005-10-01,2045-10-01
2.648242712,2.387824893,1.252522208,0.984093428,2005-11-01,2045-11-01
2.613921762,3.175606728,0.976290643,2.35553813,2005-12-01,2045-12-01
2.689231336,3.305856466,1.111240894,1.432595611,2006-01-01,2046-01-01
2.412863612,1.327293366,-0.160147212,0.485248148,2006-02-01,2046-02-01
-1.467451811,0.372488409,0.301320732,0.932071727,2006-03-01,2046-03-01
1.125570059,-0.171911485,0.98735857,0.033771366,2006-04-01,2046-04-01
0.673034208,-1.507224023,0.438093305,-1.245244026,2006-05-01,2046-05-01
0.809503414,-0.624935746,1.545439899,0.177256744,2006-06-01,2046-06-01
1.285235792,-1.003693104,1.080390096,-1.136413395,2006-07-01,2046-07-01
1.254801154,-0.820611447,1.231569678,-0.895989031,2006-08-01,2046-08-01
0.897872418,-0.359394759,1.144921064,-0.134667132,2006-09-01,2046-09-01
1.048634142,1.950689971,0.528567463,1.272956431,2006-10-01,2046-10-01
2.983515859,2.961203814,0.825820923,1.298296452,2006-11-01,2046-11-01
0.492516533,2.128924608,1.993575692,2.980370164,2006-12-01,2046-12-01
0.78813988,1.389000237,2.769684434,1.89030844,2007-01-01,2047-01-01
1.197227836,2.933963478,0.616074398,0.256063327,2007-02-01,2047-02-01
0.537862703,0.433059469,1.827471256,1.038514256,2007-03-01,2047-03-01
0.232913673,-1.180492699,0.428928554,-0.120964311,2007-04-01,2047-04-01
0.865000013,0.354113698,0.109921478,-1.182965517,2007-05-01,2047-05-01
0.36333539,-0.85297671,0.837363362,-0.45827359,2007-06-01,2047-06-01
-0.165691346,-1.936962247,0.095717534,-1.612493813,2007-07-01,2047-07-01
0.810260653,-0.90433839,0.171280283,-1.359758258,2007-08-01,2047-08-01
-0.303743914,-0.239307672,0.782831565,-0.696050048,2007-09-01,2047-09-01
1.497731507,1.374786794,2.416900516,1.365510821,2007-10-01,2047-10-01
1.670938402,0.474353459,2.69260633,2.659610152,2007-11-01,2047-11-01
2.126486778,3.280927181,2.925481558,2.697277665,2007-12-01,2047-12-01
2.704256654,1.795272827,2.808835864,2.554430127,2008-01-01,2048-01-01
4.04777348,1.713473439,1.804319978,0.950154305,2008-02-01,2048-02-01
0.699248612,0.754072815,0.287780516,-0.053424001,2008-03-01,2048-03-01
0.714893013,0.409814216,1.596711099,1.693648934,2008-04-01,2048-04-01
0.342494532,-0.527989417,1.695021063,-1.166760206,2008-05-01,2048-05-01
0.148010991,-1.1424568,0.735761553,-0.912080288,2008-06-01,2048-06-01
1.658511072,-0.655179784,0.58568041,-1.619691491,2008-07-01,2048-07-01
1.654563159,-0.652779192,0.789453447,-0.475281432,2008-08-01,2048-08-01
0.660456181,0.389722109,0.238240743,-0.664274558,2008-09-01,2048-09-01
0.474632978,-0.371240884,0.95574829,0.70853639,2008-10-01,2048-10-01
1.830697775,2.090598106,2.569577694,2.821872234,2008-11-01,2048-11-01
3.432242513,2.186203003,2.951161146,3.274783492,2008-12-01,2048-12-01
2.315981388,1.675918221,2.399309397,1.340242803,2009-01-01,2049-01-01
1.338005185,-0.024849266,1.29737249,1.375990272,2009-02-01,2049-02-01
1.513642818,0.232232176,1.001662374,1.111088753,2009-03-01,2049-03-01
0.236574031,-0.224321255,-0.1859442,0.2822215,2009-04-01,2049-04-01
0.820928991,-0.52147159,1.128814131,-0.430823684,2009-05-01,2049-05-01
0.922587991,-0.235880226,0.654820442,-0.17228727,2009-06-01,2049-06-01
1.12440148,-0.587231785,0.285341583,-1.264564455,2009-07-01,2049-07-01
1.565614015,-0.240012169,1.401146948,-0.614423692,2009-08-01,2049-08-01
2.511097789,1.249878228,-0.015898749,-0.140364006,2009-09-01,2049-09-01
1.81069544,1.785110414,0.939022213,0.448724732,2009-10-01,2049-10-01
1.82772702,2.943157196,0.179963589,1.264251411,2009-11-01,2049-11-01
2.518818974,2.597389817,3.354327202,1.837112188,2009-12-01,2049-12-01
2.00788337,0.936071977,0.885637522,2.976644516,2010-01-01,2050-01-01
1.356915206,0.623315603,0.836900085,0.910013914,2010-02-01,2050-02-01
1.175469398,0.523122296,2.050499558,1.091027915,2010-03-01,2050-03-01
0.516634449,-0.437923029,-0.032127291,-0.515714191,2010-04-01,2050-04-01
1.458993614,-0.123951748,0.218652889,-0.471596394,2010-05-01,2050-05-01
1.312264919,-0.628693439,0.641645789,-1.312241733,2010-06-01,2050-06-01
0.447185516,-0.941963762,0.917315573,-1.587417483,2010-07-01,2050-07-01
0.301820487,-1.277912796,1.359752476,-0.748869598,2010-08-01,2050-08-01
0.5895769,-0.979776859,1.526563108,0.070956185,2010-09-01,2050-09-01
0.862088531,2.122999191,1.936279535,0.426473804,2010-10-01,2050-10-01
2.262095511,1.315836906,1.154813558,1.167037949,2010-11-01,2050-11-01
0.788395196,2.253942609,2.874955595,3.486786127,2010-12-01,2050-12-01
0.348344326,1.437830091,2.671804905,2.465824783,2011-01-01,2051-01-01
1.437208056,-0.68457059,-0.190199271,0.257198177,2011-02-01,2051-02-01
1.125217021,0.821015269,1.315301895,0.115696739,2011-03-01,2051-03-01
-0.141404152,0.745702505,1.830629408,0.158380657,2011-04-01,2051-04-01
0.435161784,-0.932614133,-0.024609167,-1.477792978,2011-05-01,2051-05-01
-0.096679628,-0.939662576,-0.029558972,-1.597859979,2011-06-01,2051-06-01
0.99956274,-0.688796043,0.847675353,-1.056321502,2011-07-01,2051-07-01
0.932625324,-0.508618444,0.257301241,-1.469121993,2011-08-01,2051-08-01
-0.012026489,-0.133904397,0.461578697,-0.059193313,2011-09-01,2051-09-01
1.039640427,1.148631871,1.613385916,1.171477556,2011-10-01,2051-10-01
2.598967075,2.792557716,1.798430741,1.577103376,2011-11-01,2051-11-01
0.198175132,1.906031728,0.530785114,1.759709001,2011-12-01,2051-12-01
0.444009075,1.988201588,1.660689294,1.447464049,2012-01-01,2052-01-01
1.010697782,1.430863351,1.944898963,0.868246853,2012-02-01,2052-02-01
-0.409211874,0.164363623,1.323457748,0.882779777,2012-03-01,2052-03-01
0.884243965,-0.329077108,1.321987212,0.100755699,2012-04-01,2052-04-01
0.406595521,-0.754569232,0.281133533,-0.261096597,2012-05-01,2052-05-01
-0.107822716,-0.942643404,1.308317184,-0.091778755,2012-06-01,2052-06-01
1.113340616,-0.154892456,1.331469178,-0.727743492,2012-07-01,2052-07-01
1.22028631,-0.253675431,0.960223556,-0.836641014,2012-08-01,2052-08-01
1.914135695,1.717986822,0.575473413,-0.667189687,2012-09-01,2052-09-01
1.155323356,1.442795396,0.614635944,2.122212768,2012-10-01,2052-10-01
1.467281818,2.29039216,2.582007408,3.037023902,2012-11-01,2052-11-01
2.678057551,1.976205081,2.692028761,2.086013198,2012-12-01,2052-12-01
0.878272235,2.187800884,1.848870039,1.82845962,2013-01-01,2053-01-01
0.860405385,0.865257576,2.127863765,0.815385222,2013-02-01,2053-02-01
2.284890056,0.76970008,0.370523319,1.896974087,2013-03-01,2053-03-01
1.555326104,0.494321644,1.500709176,-0.278521631,2013-04-01,2053-04-01
0.497825377,-0.505091086,0.498028561,-0.321476787,2013-05-01,2053-05-01
1.784134984,-0.122512907,0.077258229,-1.870187402,2013-06-01,2053-06-01
1.098278463,-0.940171063,0.967385978,-1.298789203,2013-07-01,2053-07-01
0.900627077,-1.072577745,0.99806273,-1.977765083,2013-08-01,2053-08-01
0.960726768,0.034128845,1.031338185,-0.124435052,2013-09-01,2053-09-01
0.221044004,1.053260028,1.589865215,0.356413707,2013-10-01,2053-10-01
1.812152088,1.736672282,2.521822691,3.16907227,2013-11-01,2053-11-01
1.907672286,2.066650271,2.716496587,3.253078699,2013-12-01,2053-12-01
2.002822399,1.86891067,3.32567513,3.037289619,2014-01-01,2054-01-01
0.430883229,1.044303,1.448457718,1.380987346,2014-02-01,2054-02-01
2.397563696,0.567842394,2.105316997,-0.432645485,2014-03-01,2054-03-01
1.059157491,-0.039191067,1.202594386,-0.733710885,2014-04-01,2054-04-01
0.411599725,-1.625513136,-0.884070724,-1.58684051,2014-05-01,2054-05-01
0.411323115,-0.985895038,-0.215244301,-1.420020312,2014-06-01,2054-06-01
0.948401351,-0.636396289,1.746329427,-0.869817011,2014-07-01,2054-07-01
0.278522462,-1.107016504,1.176624715,-0.055244924,2014-08-01,2054-08-01
1.298123151,0.50548923,0.315253802,-0.715609357,2014-09-01,2054-09-01
1.822636127,1.43518728,1.513039142,0.458467938,2014-10-01,2054-10-01
1.463001192,1.191128135,1.556425989,1.707671404,2014-11-01,2054-11-01
1.235099792,1.38738054,1.961973131,2.623565197,2014-12-01,2054-12-01
,,2.228794336,2.707380354,,2055-01-01
,,1.428344786,2.11986208,,2055-02-01
,,1.431298941,-0.063954204,,2055-03-01
,,1.816448867,0.640191853,,2055-04-01
,,0.787187636,-1.075948834,,2055-05-01
,,0.659224212,-0.595138073,,2055-06-01
,,0.655082554,-1.865697145,,2055-07-01
,,2.150882125,-0.628153831,,2055-08-01
,,0.407070711,-0.302089548,,2055-09-01
,,1.314691544,0.720178187,,2055-10-01
,,3.589575052,1.666090906,,2055-11-01
,,3.517952323,2.987790704,,2055-12-01
,,3.39175427,2.659358382,,2056-01-01
,,2.325789213,2.547938824,,2056-02-01
,,2.179553866,0.83323884,,2056-03-01
,,0.615291506,0.718428168,,2056-04-01
,,0.515124142,-1.097137198,,2056-05-01
,,0.494412597,-0.568031341,,2056-06-01
,,1.244823635,-0.720674478,,2056-07-01
,,1.441888511,-0.683269322,,2056-08-01
,,0.122775417,-0.262238771,,2056-09-01
,,0.958843857,1.554848969,,2056-10-01
,,1.306951076,1.361292183,,2056-11-01
,,2.067610979,2.73968184,,2056-12-01
,,2.382939816,2.950344801,,2057-01-01
,,2.232108235,2.744661093,,2057-02-01
,,1.506584287,1.554629564,,2057-03-01
,,0.869238019,0.708592415,,2057-04-01
,,0.518005699,-0.482171535,,2057-05-01
,,1.058745801,-1.099676669,,2057-06-01
,,1.161215305,-1.90660876,,2057-07-01
,,0.559666619,-0.652943611,,2057-08-01
,,1.043151289,-0.216680177,,2057-09-01
,,0.983735532,0.530349005,,2057-10-01
,,2.675269842,2.767468572,,2057-11-01
,,0.838534012,1.647444397,,2057-12-01
,,2.535228372,3.402384281,,2058-01-01
,,0.589779526,0.603247046,,2058-02-01
,,0.11638166,-0.728394747,,2058-03-01
,,1.252323806,-0.162864037,,2058-04-01
,,0.868347704,-0.527806669,,2058-05-01
,,0.663395062,-0.418209195,,2058-06-01
,,1.311948836,-1.338164747,,2058-07-01
,,0.71994561,-1.450873017,,2058-08-01
,,1.728929818,0.032134116,,2058-09-01
,,0.646633953,0.093208328,,2058-10-01
,,2.36257726,2.1997841,,2058-11-01
,,2.697797537,1.500705481,,2058-12-01
,,1.717299581,2.064412415,,2059-01-01
,,0.821806192,1.839683533,,2059-02-01
,,1.370135248,1.058065481,,2059-03-01
,,0.686790183,0.21122098,,2059-04-01
,,1.175180733,-0.286285065,,2059-05-01
,,1.226918817,-0.354174823,,2059-06-01
,,1.282988369,-0.574879959,,2059-07-01
,,0.46550753,-1.743957341,,2059-08-01
,,1.543556631,0.263015054,,2059-09-01
,,-0.506342292,-0.781913251,,2059-10-01
,,1.573092043,1.86027693,,2059-11-01
,,1.853515983,1.907767594,,2059-12-01
,,2.217702389,2.169300199,,2060-01-01
,,2.852215052,1.186055511,,2060-02-01
,,1.419847081,1.207154393,,2060-03-01
,,0.982482582,0.116444722,,2060-04-01
,,1.193360209,-1.209774077,,2060-05-01
,,0.207876876,-1.636864901,,2060-06-01
,,0.128739581,-1.814798236,,2060-07-01
,,0.705014214,-1.167759746,,2060-08-01
,,1.704269588,0.859041423,,2060-09-01
,,1.925472975,1.56125927,,2060-10-01
,,2.776372433,2.795619607,,2060-11-01
,,2.496880054,2.632258534,,2060-12-01
,,0.98294881,1.899126887,,2061-01-01
,,-1.322778225,-0.63053894,,2061-02-01
,,0.307696968,0.056063581,,2061-03-01
,,0.497615732,-0.679764062,,2061-04-01
,,0.70935148,-0.394345641,,2061-05-01
,,1.330434203,-0.366905898,,2061-06-01
,,-0.192981243,-1.974145651,,2061-07-01
,,1.219047338,-0.989371687,,2061-08-01
,,-0.102678206,-0.961058497,,2061-09-01
,,0.228637159,0.447666824,,2061-10-01
,,2.969518542,2.290506124,,2061-11-01
,,3.461152077,2.675727606,,2061-12-01
,,2.123966992,4.222809792,,2062-01-01
,,1.551973522,1.526120305,,2062-02-01
,,1.677327275,1.941224694,,2062-03-01
,,1.313210785,-0.269242013,,2062-04-01
,,-0.104518816,-0.370284334,,2062-05-01
,,1.355380237,0.190260433,,2062-06-01
,,1.09690392,-0.991764903,,2062-07-01
,,0.890480921,-0.867669106,,2062-08-01
,,0.742403001,-0.442740947,,2062-09-01
,,-0.423800007,0.762798548,,2062-10-01
,,1.599830031,1.881804466,,2062-11-01
,,2.766948104,3.054630995,,2062-12-01
,,3.768826365,1.845880091,,2063-01-01
,,3.628246665,2.246011257,,2063-02-01
,,0.849434838,0.366546422,,2063-03-01
,,0.719296962,-1.120677352,,2063-04-01
,,1.359371781,0.236719651,,2063-05-01
,,0.722525932,-1.324241042,,2063-06-01
,,1.116865709,-0.817102373,,2063-07-01
,,0.849293888,-1.005047381,,2063-08-01
,,-0.482198372,-0.522191972,,2063-09-01
,,1.359544218,0.650582314,,2063-10-01
,,2.182276368,2.720177412,,2063-11-01
,,0.218269497,0.707543984,,2063-12-01
,,0.965167016,1.549354613,,2064-01-01
,,0.113250762,0.775484204,,2064-02-01
,,0.22784058,-0.089806192,,2064-03-01
,,2.23091352,-0.270916522,,2064-04-01
,,0.678366572,-0.061184898,,2064-05-01
,,1.222145796,-0.604887074,,2064-06-01
,,0.68470481,-1.444186568,,2064-07-01
,,0.691972941,-1.336455673,,2064-08-01
,,0.538703144,-0.598253071,,2064-09-01
,,1.012032181,0.87539351,,2064-10-01
,,1.674933493,2.734173059,,2064-11-01
,,2.830404043,2.732645512,,2064-12-01
,,1.177133024,1.403268158,,2065-01-01
,,0.037473071,1.587420583,,2065-02-01
,,1.799595952,1.090244412,,2065-03-01
,,1.583315969,-0.408846671,,2065-04-01
,,0.933969319,-1.112901777,,2065-05-01
,,0.038179349,-1.179621398,,2065-06-01
,,0.791085303,-1.285207421,,2065-07-01
,,0.497172073,-1.273523331,,2065-08-01
,,1.652204156,0.141069531,,2065-09-01
,,1.569506466,1.85688442,,2065-10-01
,,1.999713302,1.746069193,,2065-11-01
,,2.80129981,1.218709767,,2065-12-01
,,1.469723284,1.812200546,,2066-01-01
,,1.636508524,1.994023442,,2066-02-01
,,2.353428423,0.6935274,,2066-03-01
,,1.467266172,-0.590027913,,2066-04-01
,,1.031574726,-0.789582431,,2066-05-01
,,0.409419402,-1.068669766,,2066-06-01
,,1.316796482,-0.636499226,,2066-07-01
,,0.484010652,-1.048552454,,2066-08-01
,,-0.606407657,-0.62407133,,2066-09-01
,,1.629417162,0.832416505,,2066-10-01
,,1.677497447,1.097750902,,2066-11-01
,,1.155209094,2.310414016,,2066-12-01
,,1.900773883,2.003512263,,2067-01-01
,,0.899139345,2.137111068,,2067-02-01
,,2.138271451,-0.049810469,,2067-03-01
,,1.323584914,-0.886244997,,2067-04-01
,,0.541804537,-1.195824444,,2067-05-01
,,0.085818999,-1.025540084,,2067-06-01
,,-0.540281788,-2.05054152,,2067-07-01
,,0.328431815,-0.831533551,,2067-08-01
,,1.422720909,0.439009309,,2067-09-01
,,1.110506535,1.438791007,,2067-10-01
,,3.593158007,1.666945845,,2067-11-01
,,3.037081361,2.561784625,,2067-12-01
,,1.644884765,2.513945341,,2068-01-01
,,2.684607476,1.174188629,,2068-02-01
,,1.090746284,0.642461479,,2068-03-01
,,1.165342271,-0.429703653,,2068-04-01
,,-0.172382757,-1.151532292,,2068-05-01
,,1.007837236,-0.713024437,,2068-06-01
,,0.671209037,-1.182858884,,2068-07-01
,,-0.024313003,-1.81932056,,2068-08-01
,,0.792832136,-0.088772446,,2068-09-01
,,1.579825446,0.74161914,,2068-10-01
,,2.258949757,2.191044807,,2068-11-01
,,2.778500199,3.670519948,,2068-12-01
,,2.009352565,3.364025235,,2069-01-01
,,2.898670197,1.702959374,,2069-02-01
,,1.474707484,-0.189796239,,2069-03-01
,,1.444122922,0.553860024,,2069-04-01
,,0.575301811,-0.445811898,,2069-05-01
,,0.575955063,-1.346212029,,2069-06-01
,,0.879756689,-0.968917593,,2069-07-01
,,1.525562525,-0.579665169,,2069-08-01
,,0.475413561,0.032366961,,2069-09-01
,,1.128777921,0.031004354,,2069-10-01
,,2.299274325,1.199672103,,2069-11-01
,,1.772234917,1.392943919,,2069-12-01
,,1.467394173,1.746945024,,2070-01-01
,,1.644884288,0.531009555,,2070-02-01
,,0.48168131,0.191781511,,2070-03-01
,,0.98856017,-0.739986271,,2070-04-01
,,1.494501591,0.382905707,,2070-05-01
,,0.41143927,-0.956385434,,2070-06-01
,,0.623469159,-1.352232218,,2070-07-01
,,-0.025759516,-1.630404353,,2070-08-01
,,0.624169767,-0.547730684,,2070-09-01
,,1.102892667,-0.280425012,,2070-10-01
,,1.738399625,1.583889484,,2070-11-01
,,1.627829343,3.221662283,,2070-12-01
,,2.332644105,3.075031877,,2071-01-01
,,2.98215425,1.857586324,,2071-02-01
,,0.702925056,1.237725377,,2071-03-01
,,0.969985843,1.418197811,,2071-04-01
,,0.275394894,-0.991616368,,2071-05-01
,,-0.048232764,-0.673961076,,2071-06-01
,,1.098004043,-1.167117357,,2071-07-01
,,0.821671039,-0.884596527,,2071-08-01
,,0.560536355,0.119688317,,2071-09-01
,,1.183004022,1.636496723,,2071-10-01
,,0.404066563,0.688176244,,2071-11-01
,,1.884628117,2.470356643,,2071-12-01
,,2.123965502,1.98057723,,2072-01-01
,,1.365303588,-0.360203147,,2072-02-01
,,0.430957243,0.893728942,,2072-03-01
,,0.210513089,-0.643562496,,2072-04-01
,,0.698489308,-1.410276324,,2072-05-01
,,0.696235061,-0.158544041,,2072-06-01
,,1.564291835,-1.070064723,,2072-07-01
,,0.419302367,-1.047801375,,2072-08-01
,,0.240173765,-0.01151377,,2072-09-01
,,0.955984354,0.743566751,,2072-10-01
,,3.253260016,1.811694741,,2072-11-01
,,1.469579875,0.467286319,,2072-12-01
,,-0.80311656,0.890934646,,2073-01-01
,,2.675495148,0.733330131,,2073-02-01
,,1.388937265,0.775838248,,2073-03-01
,,0.289209127,-0.344822168,,2073-04-01
,,1.088311851,0.731182039,,2073-05-01
,,0.258922234,-1.108688414,,2073-06-01
,,-0.434933811,-1.927247226,,2073-07-01
,,1.351196826,-0.870278239,,2073-08-01
,,0.58335571,-0.075853251,,2073-09-01
,,-0.043460369,1.598936558,,2073-10-01
,,2.739580989,1.414245009,,2073-11-01
,,3.364841461,3.023495197,,2073-12-01
,,3.128181458,2.365803957,,2074-01-01
,,1.7787925,1.398895383,,2074-02-01
,,-0.217385784,0.479656264,,2074-03-01
,,0.79432606,-1.428853214,,2074-04-01
,,0.919573665,-0.779708683,,2074-05-01
,,0.232827714,-0.351321314,,2074-06-01
,,0.099207316,-1.030115783,,2074-07-01
,,1.513418108,-0.825850844,,2074-08-01
,,1.389457703,0.266764596,,2074-09-01
,,1.510807872,2.253745317,,2074-10-01
,,1.536305323,1.788482189,,2074-11-01
,,1.963289559,2.109614611,,2074-12-01
,,3.149566531,1.644947052,,2075-01-01
,,1.303302541,-0.405805647,,2075-02-01
,,1.016174585,-0.10633336,,2075-03-01
,,1.860410571,0.584068298,,2075-04-01
,,0.686369501,-1.293751955,,2075-05-01
,,0.93464902,-0.539361209,,2075-06-01
,,-0.685484678,-1.675561786,,2075-07-01
,,0.584123656,-1.035364002,,2075-08-01
,,-0.065573089,-0.628239797,,2075-09-01
,,0.576803833,0.30460915,,2075-10-01
,,0.860451967,1.308799565,,2075-11-01
,,1.12231186,1.700587332,,2075-12-01
,,1.850969255,2.689031005,,2076-01-01
,,2.703093588,2.524998903,,2076-02-01
,,-0.625803649,0.277389742,,2076-03-01
,,1.5750947,0.526064217,,2076-04-01
,,0.769955456,0.098974586,,2076-05-01
,,-0.170655455,-1.647356808,,2076-06-01
,,1.49539119,-0.805043668,,2076-07-01
,,2.193477333,-0.228541039,,2076-08-01
,,1.963153183,-0.090990566,,2076-09-01
,,0.423355699,0.913910076,,2076-10-01
,,1.641840696,2.240111947,,2076-11-01
,,1.549699068,2.700236917,,2076-12-01
,,2.860655904,1.816113949,,2077-01-01
,,2.096881151,1.620675206,,2077-02-01
,,1.369355023,0.137639821,,2077-03-01
,,2.137936532,0.819324881,,2077-04-01
,,0.240809374,-0.311474502,,2077-05-01
,,0.098253489,-0.932867467,,2077-06-01
,,0.555397093,-1.270355225,,2077-07-01
,,1.548999876,-0.840749562,,2077-08-01
,,0.637246838,-0.707280815,,2077-09-01
,,0.70225513,1.0275805,,2077-10-01
,,2.452637076,2.03952229,,2077-11-01
,,2.608221173,2.071984291,,2077-12-01
,,1.695933282,1.705940127,,2078-01-01
,,1.334052861,1.31991455,,2078-02-01
,,1.245731771,1.075651944,,2078-03-01
,,0.204108626,-0.938468277,,2078-04-01
,,0.693634808,-0.114869863,,2078-05-01
,,0.847314507,-0.68116641,,2078-06-01
,,0.882817864,-1.772309661,,2078-07-01
,,1.153267115,-1.429057002,,2078-08-01
,,0.728624105,0.198621303,,2078-09-01
,,1.587160707,0.718711473,,2078-10-01
,,2.02984345,0.608053982,,2078-11-01
,,2.15047121,1.893806458,,2078-12-01
,,1.442878693,2.136382222,,2079-01-01
,,1.158237576,1.663387716,,2079-02-01
,,1.257534206,0.781189442,,2079-03-01
,,1.419968992,0.782332748,,2079-04-01
,,1.090645701,0.566729002,,2079-05-01
,,0.631903257,-1.500672698,,2079-06-01
,,1.083476424,-1.028615713,,2079-07-01
,,0.516480297,-1.198693931,,2079-08-01
,,1.244020164,0.526673004,,2079-09-01
,,1.887769878,1.032613248,,2079-10-01
,,2.477822781,3.318659544,,2079-11-01
,,3.526620507,3.559833646,,2079-12-01
,,1.917485803,2.313761145,,2080-01-01
,,2.892084718,2.962639332,,2080-02-01
,,1.441118658,0.643966675,,2080-03-01
,,1.189082578,-0.654345244,,2080-04-01
,,1.496162295,-0.439896634,,2080-05-01
,,0.768377781,-0.409414902,,2080-06-01
,,0.797408223,-0.962877512,,2080-07-01
,,1.714009166,-0.265987314,,2080-08-01
,,1.151531994,-0.058431774,,2080-09-01
,,1.954014748,1.545457736,,2080-10-01
,,2.010699689,3.208050847,,2080-11-01
,,3.560980082,2.453207791,,2080-12-01
,,2.207548231,1.447267532,,2081-01-01
,,2.303888798,0.769039869,,2081-02-01
,,2.004105806,0.929625988,,2081-03-01
,,2.083212614,0.618093014,,2081-04-01
,,0.814253911,-0.122442812,,2081-05-01
,,1.076994658,-0.326819092,,2081-06-01
,,0.449355386,-1.356321037,,2081-07-01
,,0.757388055,-1.326960206,,2081-08-01
,,1.687288284,0.183173135,,2081-09-01
,,2.067825377,1.189789861,,2081-10-01
,,2.677408934,2.067163825,,2081-11-01
,,1.617963761,3.209239721,,2081-12-01
,,0.2757774,1.453848004,,2082-01-01
,,2.62244451,1.4100734,,2082-02-01
,,1.72789073,0.667732,,2082-03-01
,,0.728356838,-0.506226003,,2082-04-01
,,0.679740146,-1.085393637,,2082-05-01
,,1.34676981,-0.274379343,,2082-06-01
,,1.905406296,-0.715978295,,2082-07-01
,,1.522945583,-0.431702033,,2082-08-01
,,0.669974551,-0.579303324,,2082-09-01
,,1.180086315,1.267147362,,2082-10-01
,,2.159997046,2.231266022,,2082-11-01
,,3.293886662,2.460054874,,2082-12-01
,,4.278081536,1.535453498,,2083-01-01
,,2.203829408,1.222641408,,2083-02-01
,,1.528843179,2.028449535,,2083-03-01
,,0.800026145,-0.284232795,,2083-04-01
,,0.891518451,-1.054058939,,2083-05-01
,,1.090009034,-0.255461168,,2083-06-01
,,1.087409362,-1.271278888,,2083-07-01
,,1.408957362,-0.61721307,,2083-08-01
,,0.640958279,-0.29241313,,2083-09-01
,,0.576946735,1.079069942,,2083-10-01
,,2.870520115,1.503721297,,2083-11-01
,,3.87863791,2.083411038,,2083-12-01
,,2.627814293,1.861113548,,2084-01-01
,,1.690366089,0.986807376,,2084-02-01
,,-0.563689291,-0.845082272,,2084-03-01
,,1.352065444,-0.138311658,,2084-04-01
,,0.317377806,-0.761368155,,2084-05-01
,,1.124918908,-0.306122199,,2084-06-01
,,1.587107778,-1.396559924,,2084-07-01
,,1.148793399,-0.928422492,,2084-08-01
,,1.505738735,0.486188054,,2084-09-01
,,0.714865655,0.307290614,,2084-10-01
,,1.03381937,1.232946008,,2084-11-01
,,3.316430926,2.35842061,,2084-12-01
,,2.532373726,1.706708848,,2085-01-01
,,-0.040234596,1.18511343,,2085-02-01
,,-0.387207031,2.176563501,,2085-03-01
,,-0.571761549,-1.127578259,,2085-04-01
,,0.571009547,-0.785730958,,2085-05-01
,,1.159840882,-0.509931326,,2085-06-01
,,1.71814543,-0.978460699,,2085-07-01
,,0.474824004,-1.510790825,,2085-08-01
,,0.106727794,0.223392978,,2085-09-01
,,0.517938629,1.109669149,,2085-10-01
,,2.014912188,1.892076313,,2085-11-01
,,2.27711612,1.377200961,,2085-12-01
,,2.631407857,2.108154655,,2086-01-01
,,0.136602879,0.653449334,,2086-02-01
,,-1.204972327,-0.259068847,,2086-03-01
,,0.142211735,0.15491958,,2086-04-01
,,1.047784865,-0.856751651,,2086-05-01
,,0.245649539,-1.470144331,,2086-06-01
,,0.591510341,-1.185007423,,2086-07-01
,,2.05298537,-0.181081221,,2086-08-01
,,0.450001352,-0.761595011,,2086-09-01
,,1.238547742,1.586709142,,2086-10-01
,,1.622613877,2.219822407,,2086-11-01
,,1.409416676,3.048063993,,2086-12-01
,,2.878855705,2.606776357,,2087-01-01
,,2.84450078,2.429976821,,2087-02-01
,,2.664739013,1.406548142,,2087-03-01
,,1.299719751,0.945761792,,2087-04-01
,,-0.031299166,-0.314264283,,2087-05-01
,,-0.005695032,-1.497444034,,2087-06-01
,,0.667893723,-2.003711462,,2087-07-01
,,0.525753587,-1.54728806,,2087-08-01
,,0.073096178,1.091089547,,2087-09-01
,,2.116093457,1.556966543,,2087-10-01
,,2.045635939,1.211821735,,2087-11-01
,,1.564401641,1.284985334,,2087-12-01
,,1.732281402,1.657795638,,2088-01-01
,,0.863868283,1.200142324,,2088-02-01
,,0.363684237,0.763550431,,2088-03-01
,,1.812817335,1.028704047,,2088-04-01
,,1.430097282,-0.086751807,,2088-05-01
,,0.849529862,-0.809018433,,2088-06-01
,,1.122926176,-1.093981147,,2088-07-01
,,1.426671028,-0.963760227,,2088-08-01
,,0.874065846,-0.15655984,,2088-09-01
,,0.602212973,0.213914426,,2088-10-01
,,1.204162836,1.158072755,,2088-11-01
,,1.488211751,1.076414883,,2088-12-01
,,2.786671281,2.98382616,,2089-01-01
,,2.976027489,2.346723258,,2089-02-01
,,1.411852062,-0.13435474,,2089-03-01
,,0.149551585,-0.375107527,,2089-04-01
,,1.123485804,-0.940308452,,2089-05-01
,,1.074487865,-0.648334846,,2089-06-01
,,0.228839174,-1.394518018,,2089-07-01
,,1.151972353,-1.373440385,,2089-08-01
,,0.416501738,-0.47623831,,2089-09-01
,,1.181687832,1.043702185,,2089-10-01
,,1.901819527,2.118450642,,2089-11-01
,,2.16562748,2.743827581,,2089-12-01
,,3.220501423,2.986842513,,2090-01-01
,,1.617671013,1.920920253,,2090-02-01
,,2.025680721,0.951539785,,2090-03-01
,,1.096458614,1.184007823,,2090-04-01
,,1.603951514,-0.165813789,,2090-05-01
,,0.931230819,-1.08057183,,2090-06-01
,,-0.008569938,-2.35174036,,2090-07-01
,,0.278661132,-1.692795634,,2090-08-01
,,0.837857917,-0.817556143,,2090-09-01
,,1.104586422,-0.114591926,,2090-10-01
,,1.238483906,2.393318594,,2090-11-01
,,2.799615145,2.330785871,,2090-12-01
,,1.162521452,1.379658282,,2091-01-01
,,2.029297948,0.638333187,,2091-02-01
,,0.676808864,0.844889745,,2091-03-01
,,0.357228294,0.365258083,,2091-04-01
,,0.761903465,-0.19881165,,2091-05-01
,,0.126281813,-0.858424038,,2091-06-01
,,0.882012427,-0.810482219,,2091-07-01
,,0.966641486,-0.857269287,,2091-08-01
,,0.340908885,-0.780670971,,2091-09-01
,,1.312410176,1.429135323,,2091-10-01
,,1.922482133,2.222101927,,2091-11-01
,,2.683064938,2.037500232,,2091-12-01
,,1.990518689,1.688949764,,2092-01-01
,,2.042375445,2.415536344,,2092-02-01
,,1.11733526,1.448061407,,2092-03-01
,,1.992102861,0.067175753,,2092-04-01
,,1.196134493,-0.582703896,,2092-05-01
,,1.244658411,-1.44367522,,2092-06-01
,,0.61889255,-1.514577627,,2092-07-01
,,-0.261892289,-1.728892565,,2092-08-01
,,1.375711918,0.439797938,,2092-09-01
,,0.90689379,0.781420439,,2092-10-01
,,2.685130239,2.061378598,,2092-11-01
,,2.547949791,2.57168901,,2092-12-01
,,0.264575541,0.468933702,,2093-01-01
,,1.545933723,1.398441464,,2093-02-01
,,1.501255155,0.742738873,,2093-03-01
,,-0.04267687,-1.221415579,,2093-04-01
,,1.143703103,-0.674320161,,2093-05-01
,,0.641999304,-1.131498247,,2093-06-01
,,-0.154095894,-1.785084248,,2093-07-01
,,0.348941267,-1.443065405,,2093-08-01
,,0.995723188,-0.772854924,,2093-09-01
,,-0.220350303,0.337648906,,2093-10-01
,,2.067899704,2.810080171,,2093-11-01
,,3.130031824,1.375533581,,2093-12-01
,,1.989951015,1.414347649,,2094-01-01
,,1.311626792,1.343690977,,2094-02-01
,,3.334614277,0.817809001,,2094-03-01
,,2.126995206,1.242998004,,2094-04-01
,,0.920411646,-1.074314326,,2094-05-01
,,0.076331857,-1.017446041,,2094-06-01
,,1.109543264,-0.650004745,,2094-07-01
,,1.869347036,-0.430007041,,2094-08-01
,,0.071162939,-0.63631022,,2094-09-01
,,1.758962214,0.884478897,,2094-10-01
,,0.471963478,1.685588181,,2094-11-01
,,3.336269617,1.859890223,,2094-12-01
,,2.296596289,0.249878347,,2095-01-01
,,2.048761547,1.045597255,,2095-02-01
,,1.822561741,1.02457279,,2095-03-01
,,1.688907981,-0.388559863,,2095-04-01
,,0.967867598,-0.748493105,,2095-05-01
,,0.774413496,-0.419240758,,2095-06-01
,,0.131938912,-1.391995281,,2095-07-01
,,1.223257363,-1.031849235,,2095-08-01
,,1.169672012,-0.991767377,,2095-09-01
,,1.799967647,0.349449962,,2095-10-01
,,2.507369995,2.016052306,,2095-11-01
,,2.519037843,2.783254862,,2095-12-01
,,2.125389397,0.959053218,,2096-01-01
,,2.595923662,1.299934447,,2096-02-01
,,2.624624729,0.576990277,,2096-03-01
,,1.808086932,0.331210099,,2096-04-01
,,1.426930726,-0.159702145,,2096-05-01
,,0.424752712,-1.329826534,,2096-06-01
,,1.724272668,-1.105260596,,2096-07-01
,,1.469764531,-0.927346766,,2096-08-01
,,0.683352649,-0.192166619,,2096-09-01
,,0.794351727,0.497403592,,2096-10-01
,,0.925462663,0.359433681,,2096-11-01
,,2.135242403,2.595649123,,2096-12-01
,,2.052084088,1.716704607,,2097-01-01
,,0.915740341,0.356815156,,2097-02-01
,,2.039635301,0.756330654,,2097-03-01
,,0.775753856,0.448682792,,2097-04-01
,,0.975297421,-0.881335288,,2097-05-01
,,-0.266977683,-1.833278477,,2097-06-01
,,0.510139412,-1.310848534,,2097-07-01
,,1.677481532,-0.508991241,,2097-08-01
,,0.567665339,0.388607532,,2097-09-01
,,1.291621834,1.394119978,,2097-10-01
,,1.47323662,0.739927039,,2097-11-01
,,1.701676548,1.563504428,,2097-12-01
,,2.661042333,1.563953608,,2098-01-01
,,1.538959801,1.791148961,,2098-02-01
,,1.301964581,0.64523977,,2098-03-01
,,2.402034998,1.270560861,,2098-04-01
,,1.051522434,-0.839142989,,2098-05-01
,,0.50633958,-1.304358184,,2098-06-01
,,0.042922109,-1.509305775,,2098-07-01
,,1.486608326,-0.781969994,,2098-08-01
,,0.338591602,-0.298183769,,2098-09-01
,,-0.013595782,0.756233484,,2098-10-01
,,1.296430707,1.645295739,,2098-11-01
,,3.842808843,2.28298974,,2098-12-01
,,2.382624388,1.518596947,,2099-01-01
,,1.046139956,1.896127701,,2099-02-01
,,1.435094923,-0.300155908,,2099-03-01
,,-0.448097408,-0.95287919,,2099-04-01
,,1.412721336,-0.080696404,,2099-05-01
,,0.162598103,-1.232538402,,2099-06-01
,,0.464597821,-0.657263502,,2099-07-01
,,1.520944655,-0.541775808,,2099-08-01
,,0.808804393,-0.350358102,,2099-09-01
,,1.865158081,1.752150595,,2099-10-01
,,2.488707066,2.043443263,,2099-11-01
,,1.398663402,1.730407953,,2099-12-01
,,2.253413677,2.966151237,,2100-01-01
,,1.230760336,2.014822423,,2100-02-01
,,0.949812025,-0.496206373,,2100-03-01
,,1.475172997,-0.379962139,,2100-04-01
,,1.284836203,-0.983586341,,2100-05-01
,,1.137408346,-1.015431792,,2100-06-01
,,1.623927653,-0.613874972,,2100-07-01
,,0.886248976,-0.826775581,,2100-08-01
,,0.677919626,-0.175347716,,2100-09-01
,,1.175762415,1.304099441,,2100-10-01
,,2.607387185,1.931601286,,2100-11-01
,,1.880322754,1.966481209,,2100-12-01
